run_ts_kyiv,run_ts_utc,ok,error,tz_ok,page_updated,rows_total,rows_kept,new_instances,snapshots_added,stops_added,stops_latest_rows,finished_now,gap_since_prev_run_min
2026-09-27 20:17:37,2026-09-27 17:17:37,1,,1,27 вересня 19:46,31,31,31,31,425,425,0,
2026-09-27 23:11:06,2026-09-27 20:11:06,1,,1,27 вересня 23:04,53,53,24,53,572,738,0,173
2026-09-28 02:01:52,2026-09-27 23:01:52,1,,1,28 вересня 02:01,68,68,28,68,786,1120,1,171
2026-09-28 04:28:34,2026-09-28 01:28:34,1,,1,28 вересня 03:13,62,62,2,54,545,1203,14,147
2026-09-28 10:15:39,2026-09-28 07:15:39,1,,1,28 вересня 10:02,63,63,26,63,776,1648,8,347
2026-09-28 18:29:00,2026-09-28 15:29:00,1,,1,28 вересня 18:28,32,32,30,32,322,1964,32,493
2026-09-29 00:19:00,2026-09-28 21:19:00,1,,1,29 вересня 00:10,58,58,38,57,589,2432,54,350
2026-09-29 04:07:19,2026-09-29 01:07:19,1,,1,29 вересня 01:25,61,61,6,37,373,2540,12,228
2026-09-29 09:53:18,2026-09-29 06:53:18,1,,1,29 вересня 09:51,58,58,22,57,681,2943,3,346
2026-09-29 16:40:57,2026-09-29 13:40:57,1,,1,29 вересня 16:29,29,29,22,29,326,3204,26,408
2026-09-29 21:52:24,2026-09-29 18:52:24,1,,1,29 вересня 21:52,39,39,20,39,524,3562,50,311
2026-09-30 01:48:08,2026-09-29 22:48:08,1,,1,30 вересня 01:48,60,60,31,60,656,3927,10,236
