snapshot_ts_kyiv,instance_id,trip_key,train_number,departure_date,station_from,station_to,delay_min,forecast_arrival,planned_arrival,status,reliability,reason,match_type,has_route,n_stops,passed_count,page_updated
2026-09-27 20:17:37,121/122|Миколаїв Пас.|Київ-Пас.|@20260927-2017,121/122|Миколаїв Пас.|Київ-Пас.|,121/122,,Миколаїв Пас.,Київ-Пас.,182,22:27,19:25,В дорозі,Висока,,both,1,18,14,27 вересня 19:46
2026-09-27 20:17:37,9/10|Будапешт-Келеті|Київ-Пас.|@20260927-2017,9/10|Будапешт-Келеті|Київ-Пас.|,9/10,,Будапешт-Келеті,Київ-Пас.,161,21:57,,В дорозі,Висока,,endpoint,0,0,0,27 вересня 19:46
2026-09-27 20:17:37,177/178|Івано-Франківськ|Київ-Пас.|@20260927-2017,177/178|Івано-Франківськ|Київ-Пас.|,177/178,,Івано-Франківськ,Київ-Пас.,161,21:57,19:16,В дорозі,Висока,,both,1,4,3,27 вересня 19:46
2026-09-27 20:17:37,723/724|Харків-Пас.|Київ-Пас.|@20260927-2017,723/724|Харків-Пас.|Київ-Пас.|,723/724,,Харків-Пас.,Київ-Пас.,150,,19:32,В дорозі,Низька,,both,1,9,4,27 вересня 19:46
2026-09-27 20:17:37,41/42|Трускавець|Дніпро-Головний|@20260927-2017,41/42|Трускавець|Дніпро-Головний|,41/42,,Трускавець,Дніпро-Головний,120,,09:20,В дорозі,Низька,,both,1,29,9,27 вересня 19:46
2026-09-27 20:17:37,723/724|Київ-Пас.|Харків-Пас.|@20260927-2017,723/724|Київ-Пас.|Харків-Пас.|,723/724,,Київ-Пас.,Харків-Пас.,120,,21:03,В дорозі,Низька,,both,1,7,6,27 вересня 19:46
2026-09-27 20:17:37,119/120|Хелм|Дніпро-Головний|@20260927-2017,119/120|Хелм|Дніпро-Головний|,119/120,,Хелм,Дніпро-Головний,119,08:14,06:15,В дорозі,Висока,,both,1,13,5,27 вересня 19:46
2026-09-27 20:17:37,55/55|Київ-Пас.|Рахів|27.09@20260927-2017,55/55|Київ-Пас.|Рахів|27.09,55/55,27.09,Київ-Пас.,Рахів,114,09:26,07:32,В дорозі,Висока,,both,1,19,4,27 вересня 19:46
2026-09-27 20:17:37,141/142|Чернігів|Ясіня|@20260927-2017,141/142|Чернігів|Ясіня|,141/142,,Чернігів,Ясіня,109,09:29,07:40,В дорозі,Висока,,transit,1,20,9,27 вересня 19:46
2026-09-27 20:17:37,137/138|Київ-Пас.|Ясіня|27.09@20260927-2017,137/138|Київ-Пас.|Ясіня|27.09,137/138,27.09,Київ-Пас.,Ясіня,109,09:29,07:40,В дорозі,Висока,,both,1,15,4,27 вересня 19:46
2026-09-27 20:17:37,285/286|Львів|Дніпро-Головний|@20260927-2017,285/286|Львів|Дніпро-Головний|,285/286,,Львів,Дніпро-Головний,102,11:02,09:20,В дорозі,Висока,,both,1,27,7,27 вересня 19:46
2026-09-27 20:17:37,1/2|Харків-Пас.|Рахів|@20260927-2017,1/2|Харків-Пас.|Рахів|,1/2,,Харків-Пас.,Рахів,90,,09:55,В дорозі,Низька,,both,1,12,3,27 вересня 19:46
2026-09-27 20:17:37,17/18|Харків-Пас.|Ужгород|@20260927-2017,17/18|Харків-Пас.|Ужгород|,17/18,,Харків-Пас.,Ужгород,90,,09:30,В дорозі,Низька,,both,1,12,5,27 вересня 19:46
2026-09-27 20:17:37,793/794|Київ-Пас.|Черкаси|27.09@20260927-2017,793/794|Київ-Пас.|Черкаси|27.09,793/794,27.09,Київ-Пас.,Черкаси,86,22:16,20:50,В дорозі,Висока,,both,1,9,7,27 вересня 19:46
2026-09-27 20:17:37,353/354|Київ-Пас.|Кишинеу|@20260927-2017,353/354|Київ-Пас.|Кишинеу|,353/354,,Київ-Пас.,Кишинеу,79,11:23,10:04,В дорозі,Висока,,both,1,9,4,27 вересня 19:46
2026-09-27 20:17:37,773/774|Конотоп-Пас.|Жмеринка-Пас.|27.09@20260927-2017,773/774|Конотоп-Пас.|Жмеринка-Пас.|27.09,773/774,27.09,Конотоп-Пас.,Жмеринка-Пас.,75,00:31,23:16,В дорозі,Висока,,transit,1,17,11,27 вересня 19:46
2026-09-27 20:17:37,237/238|Київ-Пас.|Ужгород|@20260927-2017,237/238|Київ-Пас.|Ужгород|,237/238,,Київ-Пас.,Ужгород,74,08:48,07:34,В дорозі,Висока,,both,1,19,4,27 вересня 19:46
2026-09-27 20:17:37,13/14|Київ-Пас.|Солотвино-1|@20260927-2017,13/14|Київ-Пас.|Солотвино-1|,13/14,,Київ-Пас.,Солотвино-1,74,12:04,10:50,В дорозі,Висока,,both,1,28,4,27 вересня 19:46
2026-09-27 20:17:37,3/4|Дніпро-Головний|Ужгород|@20260927-2017,3/4|Дніпро-Головний|Ужгород|,3/4,,Дніпро-Головний,Ужгород,70,12:20,11:10,В дорозі,Висока,,both,1,15,4,27 вересня 19:46
2026-09-27 20:17:37,31/32|Запоріжжя-1|Перемишль|@20260927-2017,31/32|Запоріжжя-1|Перемишль|,31/32,,Запоріжжя-1,Перемишль,70,10:29,09:19,В дорозі,Висока,,transit,1,12,6,27 вересня 19:46
2026-09-27 20:17:37,789/790|Київ-Пас.|Кропивницький|@20260927-2017,789/790|Київ-Пас.|Кропивницький|,789/790,,Київ-Пас.,Кропивницький,64,23:19,22:15,В дорозі,Висока,,both,1,10,4,27 вересня 19:46
2026-09-27 20:17:37,791/792|Київ-Пас.|Кременчук-Пас.|@20260927-2017,791/792|Київ-Пас.|Кременчук-Пас.|,791/792,,Київ-Пас.,Кременчук-Пас.,63,23:45,22:42,В дорозі,Висока,,both,1,7,4,27 вересня 19:46
2026-09-27 20:17:37,763/764|Київ-Пас.|Одеса-Головна|@20260927-2017,763/764|Київ-Пас.|Одеса-Головна|,763/764,,Київ-Пас.,Одеса-Головна,62,23:30,22:28,В дорозі,Висока,,both,1,9,7,27 вересня 19:46
2026-09-27 20:17:37,85/86|Дніпро-Головний|Львів|@20260927-2017,85/86|Дніпро-Головний|Львів|,85/86,,Дніпро-Головний,Львів,58,07:00,06:02,В дорозі,Висока,,both,1,9,4,27 вересня 19:46
2026-09-27 20:17:37,5/6|Запоріжжя-1|Ясіня|@20260927-2017,5/6|Запоріжжя-1|Ясіня|,5/6,,Запоріжжя-1,Ясіня,58,13:06,12:08,В дорозі,Висока,,transit,1,16,6,27 вересня 19:46
2026-09-27 20:17:37,63/64|Перемишль|Харків-Пас.|@20260927-2017,63/64|Перемишль|Харків-Пас.|,63/64,,Перемишль,Харків-Пас.,56,06:58,06:02,В дорозі,Висока,,both,1,11,3,27 вересня 19:46
2026-09-27 20:17:37,9/10|Київ-Пас.|Будапешт-Келеті|@20260927-2017,9/10|Київ-Пас.|Будапешт-Келеті|,9/10,,Київ-Пас.,Будапешт-Келеті,55,00:45,23:50,В дорозі,Висока,,both,1,4,2,27 вересня 19:46
2026-09-27 20:17:37,127/128|Дніпро-Головний|Львів|@20260927-2017,127/128|Дніпро-Головний|Львів|,127/128,,Дніпро-Головний,Львів,53,13:22,12:29,В дорозі,Висока,,both,1,28,4,27 вересня 19:46
2026-09-27 20:17:37,733/734|Київ-Пас.|Дніпро-Головний|@20260927-2017,733/734|Київ-Пас.|Дніпро-Головний|,733/734,,Київ-Пас.,Дніпро-Головний,48,22:58,22:10,В дорозі,Висока,,both,1,8,4,27 вересня 19:46
2026-09-27 20:17:37,61/62|Дніпро-Головний|Івано-Франківськ|@20260927-2017,61/62|Дніпро-Головний|Івано-Франківськ|,61/62,,Дніпро-Головний,Івано-Франківськ,32,07:53,07:21,В дорозі,Висока,,both,1,13,8,27 вересня 19:46
2026-09-27 20:17:37,261/262|Дніпро-Головний|Чернівці|@20260927-2017,261/262|Дніпро-Головний|Чернівці|,261/262,,Дніпро-Головний,Чернівці,32,10:10,09:38,В дорозі,Висока,,both,1,16,8,27 вересня 19:46
