instance_id,trip_key,train_number,station_from,station_to,seq,station,scheduled,passed,value_type,dev_fact_min,fact_time,dev_forecast_min,forecast_time,forecast_seen_kyiv,passed_seen_kyiv,forecast_age_min,is_watched,updated_ts_kyiv
1/2|Харків-Пас.|Рахів|@20260927-2017,1/2|Харків-Пас.|Рахів|,1/2,Харків-Пас.,Рахів,0,ХАРКІВ-ПАС.,,1,passed_no_fact,,,,,,2026-09-27 20:17:37,,1,2026-09-27 20:17:37
1/2|Харків-Пас.|Рахів|@20260927-2017,1/2|Харків-Пас.|Рахів|,1/2,Харків-Пас.,Рахів,1,ПОЛТАВА-КИЇВСЬКА,17:01,1,fact,-1,17:00,,,,2026-09-27 20:17:37,,1,2026-09-27 20:17:37
1/2|Харків-Пас.|Рахів|@20260927-2017,1/2|Харків-Пас.|Рахів|,1/2,Харків-Пас.,Рахів,2,МИРГОРОД,18:31,1,fact,-8,18:23,,,,2026-09-27 20:17:37,,0,2026-09-27 20:17:37
1/2|Харків-Пас.|Рахів|@20260927-2017,1/2|Харків-Пас.|Рахів|,1/2,Харків-Пас.,Рахів,3,КИЇВ-ПАС.,21:17,0,forecast,,,90,22:47,2026-09-27 20:17:37,,,1,2026-09-27 20:17:37
1/2|Харків-Пас.|Рахів|@20260927-2017,1/2|Харків-Пас.|Рахів|,1/2,Харків-Пас.,Рахів,4,ЛЬВІВ,03:52,0,forecast,,,90,05:22,2026-09-27 20:17:37,,,1,2026-09-27 20:17:37
1/2|Харків-Пас.|Рахів|@20260927-2017,1/2|Харків-Пас.|Рахів|,1/2,Харків-Пас.,Рахів,5,ІВАНО-ФРАНКІВСЬК,06:17,0,forecast,,,90,07:47,2026-09-27 20:17:37,,,0,2026-09-27 20:17:37
1/2|Харків-Пас.|Рахів|@20260927-2017,1/2|Харків-Пас.|Рахів|,1/2,Харків-Пас.,Рахів,6,ЯРЕМЧЕ,07:58,0,forecast,,,90,09:28,2026-09-27 20:17:37,,,0,2026-09-27 20:17:37
1/2|Харків-Пас.|Рахів|@20260927-2017,1/2|Харків-Пас.|Рахів|,1/2,Харків-Пас.,Рахів,7,ТАТАРІВ-БУКОВЕЛЬ,08:23,0,forecast,,,90,09:53,2026-09-27 20:17:37,,,0,2026-09-27 20:17:37
1/2|Харків-Пас.|Рахів|@20260927-2017,1/2|Харків-Пас.|Рахів|,1/2,Харків-Пас.,Рахів,8,ВОРОХТА,08:37,0,forecast,,,90,10:07,2026-09-27 20:17:37,,,0,2026-09-27 20:17:37
1/2|Харків-Пас.|Рахів|@20260927-2017,1/2|Харків-Пас.|Рахів|,1/2,Харків-Пас.,Рахів,9,ЯСІНЯ,09:11,0,forecast,,,90,10:41,2026-09-27 20:17:37,,,0,2026-09-27 20:17:37
1/2|Харків-Пас.|Рахів|@20260927-2017,1/2|Харків-Пас.|Рахів|,1/2,Харків-Пас.,Рахів,10,КВАСИ,09:35,0,forecast,,,90,11:05,2026-09-27 20:17:37,,,0,2026-09-27 20:17:37
1/2|Харків-Пас.|Рахів|@20260927-2017,1/2|Харків-Пас.|Рахів|,1/2,Харків-Пас.,Рахів,11,РАХІВ,09:55,0,forecast,,,90,11:25,2026-09-27 20:17:37,,,0,2026-09-27 20:17:37
119/120|Хелм|Дніпро-Головний|@20260927-2017,119/120|Хелм|Дніпро-Головний|,119/120,Хелм,Дніпро-Головний,0,ХЕЛМ,,1,fact,131,,,,,2026-09-27 20:17:37,,0,2026-09-27 20:17:37
119/120|Хелм|Дніпро-Головний|@20260927-2017,119/120|Хелм|Дніпро-Головний|,119/120,Хелм,Дніпро-Головний,1,ВУЛКА ОКОП,,1,passed_no_fact,,,,,,2026-09-27 20:17:37,,0,2026-09-27 20:17:37
119/120|Хелм|Дніпро-Головний|@20260927-2017,119/120|Хелм|Дніпро-Головний|,119/120,Хелм,Дніпро-Головний,2,ЯГОДИН,13:22,1,fact,142,15:44,,,,2026-09-27 20:17:37,,0,2026-09-27 20:17:37
119/120|Хелм|Дніпро-Головний|@20260927-2017,119/120|Хелм|Дніпро-Головний|,119/120,Хелм,Дніпро-Головний,3,КОВЕЛЬ-ПАС.,15:20,1,fact,132,17:32,,,,2026-09-27 20:17:37,,0,2026-09-27 20:17:37
119/120|Хелм|Дніпро-Головний|@20260927-2017,119/120|Хелм|Дніпро-Головний|,119/120,Хелм,Дніпро-Головний,4,РІВНЕ,17:26,1,fact,118,19:24,,,,2026-09-27 20:17:37,,0,2026-09-27 20:17:37
119/120|Хелм|Дніпро-Головний|@20260927-2017,119/120|Хелм|Дніпро-Головний|,119/120,Хелм,Дніпро-Головний,5,КИЇВ-ПАС.,21:50,0,forecast,,,119,23:49,2026-09-27 20:17:37,,,1,2026-09-27 20:17:37
119/120|Хелм|Дніпро-Головний|@20260927-2017,119/120|Хелм|Дніпро-Головний|,119/120,Хелм,Дніпро-Головний,6,ВИДУБИЧІ-ТРИПІЛЬСЬКІ,23:05,0,forecast,,,119,01:04,2026-09-27 20:17:37,,,0,2026-09-27 20:17:37
119/120|Хелм|Дніпро-Головний|@20260927-2017,119/120|Хелм|Дніпро-Головний|,119/120,Хелм,Дніпро-Головний,7,ІМ.ТАРАСА ШЕВЧЕНКА,01:25,0,forecast,,,119,03:24,2026-09-27 20:17:37,,,0,2026-09-27 20:17:37
119/120|Хелм|Дніпро-Головний|@20260927-2017,119/120|Хелм|Дніпро-Головний|,119/120,Хелм,Дніпро-Головний,8,ЗНАМ'ЯНКА-ПАС.,02:49,0,forecast,,,119,04:48,2026-09-27 20:17:37,,,0,2026-09-27 20:17:37
119/120|Хелм|Дніпро-Головний|@20260927-2017,119/120|Хелм|Дніпро-Головний|,119/120,Хелм,Дніпро-Головний,9,ОЛЕКСАНДРІЯ,03:25,0,forecast,,,119,05:24,2026-09-27 20:17:37,,,0,2026-09-27 20:17:37
119/120|Хелм|Дніпро-Головний|@20260927-2017,119/120|Хелм|Дніпро-Головний|,119/120,Хелм,Дніпро-Головний,10,П'ЯТИХАТКИ,04:43,0,forecast,,,119,06:42,2026-09-27 20:17:37,,,0,2026-09-27 20:17:37
119/120|Хелм|Дніпро-Головний|@20260927-2017,119/120|Хелм|Дніпро-Головний|,119/120,Хелм,Дніпро-Головний,11,КАМ'ЯНСЬКЕ-ПАС.,05:41,0,forecast,,,119,07:40,2026-09-27 20:17:37,,,0,2026-09-27 20:17:37
119/120|Хелм|Дніпро-Головний|@20260927-2017,119/120|Хелм|Дніпро-Головний|,119/120,Хелм,Дніпро-Головний,12,ДНІПРО-ГОЛОВНИЙ,06:15,0,forecast,,,119,08:14,2026-09-27 20:17:37,,,1,2026-09-27 20:17:37
121/122|Миколаїв Пас.|Київ-Пас.|@20260927-2017,121/122|Миколаїв Пас.|Київ-Пас.|,121/122,Миколаїв Пас.,Київ-Пас.,0,МИКОЛАЇВ ПАС.,,1,fact,147,,,,,2026-09-27 20:17:37,,0,2026-09-27 20:17:37
121/122|Миколаїв Пас.|Київ-Пас.|@20260927-2017,121/122|Миколаїв Пас.|Київ-Пас.|,121/122,Миколаїв Пас.,Київ-Пас.,1,ЯВКИНЕ,11:13,1,fact,147,13:40,,,,2026-09-27 20:17:37,,0,2026-09-27 20:17:37
121/122|Миколаїв Пас.|Київ-Пас.|@20260927-2017,121/122|Миколаїв Пас.|Київ-Пас.|,121/122,Миколаїв Пас.,Київ-Пас.,2,НОВОПОЛТАВКА,11:42,1,fact,146,14:08,,,,2026-09-27 20:17:37,,0,2026-09-27 20:17:37
121/122|Миколаїв Пас.|Київ-Пас.|@20260927-2017,121/122|Миколаїв Пас.|Київ-Пас.|,121/122,Миколаїв Пас.,Київ-Пас.,3,НОВИЙ БУГ,12:02,1,fact,147,14:29,,,,2026-09-27 20:17:37,,0,2026-09-27 20:17:37
121/122|Миколаїв Пас.|Київ-Пас.|@20260927-2017,121/122|Миколаїв Пас.|Київ-Пас.|,121/122,Миколаїв Пас.,Київ-Пас.,4,ДОБРОВІЛЬСЬКИЙ,12:19,1,fact,148,14:47,,,,2026-09-27 20:17:37,,0,2026-09-27 20:17:37
121/122|Миколаїв Пас.|Київ-Пас.|@20260927-2017,121/122|Миколаїв Пас.|Київ-Пас.|,121/122,Миколаїв Пас.,Київ-Пас.,5,КАЗАНКА,12:32,1,fact,201,15:53,,,,2026-09-27 20:17:37,,0,2026-09-27 20:17:37
121/122|Миколаїв Пас.|Київ-Пас.|@20260927-2017,121/122|Миколаїв Пас.|Київ-Пас.|,121/122,Миколаїв Пас.,Київ-Пас.,6,ДОЛИНСЬКА,13:04,1,fact,202,16:26,,,,2026-09-27 20:17:37,,0,2026-09-27 20:17:37
121/122|Миколаїв Пас.|Київ-Пас.|@20260927-2017,121/122|Миколаїв Пас.|Київ-Пас.|,121/122,Миколаїв Пас.,Київ-Пас.,7,КУЦІВКА,13:28,1,fact,197,16:45,,,,2026-09-27 20:17:37,,0,2026-09-27 20:17:37
121/122|Миколаїв Пас.|Київ-Пас.|@20260927-2017,121/122|Миколаїв Пас.|Київ-Пас.|,121/122,Миколаїв Пас.,Київ-Пас.,8,ЗНАМ'ЯНКА-ПАС.,14:29,1,fact,193,17:42,,,,2026-09-27 20:17:37,,0,2026-09-27 20:17:37
121/122|Миколаїв Пас.|Київ-Пас.|@20260927-2017,121/122|Миколаїв Пас.|Київ-Пас.|,121/122,Миколаїв Пас.,Київ-Пас.,9,ЧОРНОЛІСЬКА,15:12,1,fact,187,18:19,,,,2026-09-27 20:17:37,,0,2026-09-27 20:17:37
121/122|Миколаїв Пас.|Київ-Пас.|@20260927-2017,121/122|Миколаїв Пас.|Київ-Пас.|,121/122,Миколаїв Пас.,Київ-Пас.,10,ФУНДУКЛІЇВКА,15:40,1,fact,191,18:51,,,,2026-09-27 20:17:37,,0,2026-09-27 20:17:37
121/122|Миколаїв Пас.|Київ-Пас.|@20260927-2017,121/122|Миколаїв Пас.|Київ-Пас.|,121/122,Миколаїв Пас.,Київ-Пас.,11,КАМ'ЯНКА,15:57,1,fact,188,19:05,,,,2026-09-27 20:17:37,,0,2026-09-27 20:17:37
121/122|Миколаїв Пас.|Київ-Пас.|@20260927-2017,121/122|Миколаїв Пас.|Київ-Пас.|,121/122,Миколаїв Пас.,Київ-Пас.,12,ІМ.ТАРАСА ШЕВЧЕНКА,16:21,1,fact,182,19:23,,,,2026-09-27 20:17:37,,0,2026-09-27 20:17:37
121/122|Миколаїв Пас.|Київ-Пас.|@20260927-2017,121/122|Миколаїв Пас.|Київ-Пас.|,121/122,Миколаїв Пас.,Київ-Пас.,13,ПЕРЕГОНІВКА,16:36,1,fact,179,19:35,,,,2026-09-27 20:17:37,,0,2026-09-27 20:17:37
121/122|Миколаїв Пас.|Київ-Пас.|@20260927-2017,121/122|Миколаїв Пас.|Київ-Пас.|,121/122,Миколаїв Пас.,Київ-Пас.,14,ЦВІТКОВЕ,16:53,0,forecast,,,182,19:55,2026-09-27 20:17:37,,,0,2026-09-27 20:17:37
121/122|Миколаїв Пас.|Київ-Пас.|@20260927-2017,121/122|Миколаїв Пас.|Київ-Пас.|,121/122,Миколаїв Пас.,Київ-Пас.,15,ГОРОДИЩЕ,17:10,0,forecast,,,182,20:12,2026-09-27 20:17:37,,,0,2026-09-27 20:17:37
121/122|Миколаїв Пас.|Київ-Пас.|@20260927-2017,121/122|Миколаїв Пас.|Київ-Пас.|,121/122,Миколаїв Пас.,Київ-Пас.,16,КОРСУНЬ,17:31,0,forecast,,,182,20:33,2026-09-27 20:17:37,,,0,2026-09-27 20:17:37
121/122|Миколаїв Пас.|Київ-Пас.|@20260927-2017,121/122|Миколаїв Пас.|Київ-Пас.|,121/122,Миколаїв Пас.,Київ-Пас.,17,КИЇВ-ПАС.,19:25,0,forecast,,,182,22:27,2026-09-27 20:17:37,,,1,2026-09-27 20:17:37
127/128|Дніпро-Головний|Львів|@20260927-2017,127/128|Дніпро-Головний|Львів|,127/128,Дніпро-Головний,Львів,0,ДНІПРО-ГОЛОВНИЙ,,1,fact,58,,,,,2026-09-27 20:17:37,,1,2026-09-27 20:17:37
127/128|Дніпро-Головний|Львів|@20260927-2017,127/128|Дніпро-Головний|Львів|,127/128,Дніпро-Головний,Львів,1,КАМ'ЯНСЬКЕ-ПАС.,18:00,1,fact,58,18:58,,,,2026-09-27 20:17:37,,0,2026-09-27 20:17:37
127/128|Дніпро-Головний|Львів|@20260927-2017,127/128|Дніпро-Головний|Львів|,127/128,Дніпро-Головний,Львів,2,ВЕРХІВЦЕВЕ,18:37,1,fact,53,19:30,,,,2026-09-27 20:17:37,,0,2026-09-27 20:17:37
127/128|Дніпро-Головний|Львів|@20260927-2017,127/128|Дніпро-Головний|Львів|,127/128,Дніпро-Головний,Львів,3,П'ЯТИХАТКИ,19:28,1,fact,37,20:05,,,,2026-09-27 20:17:37,,0,2026-09-27 20:17:37
127/128|Дніпро-Головний|Львів|@20260927-2017,127/128|Дніпро-Головний|Львів|,127/128,Дніпро-Головний,Львів,4,ОЛЕКСАНДРІЯ,21:00,0,forecast,,,53,21:53,2026-09-27 20:17:37,,,0,2026-09-27 20:17:37
127/128|Дніпро-Головний|Львів|@20260927-2017,127/128|Дніпро-Головний|Львів|,127/128,Дніпро-Головний,Львів,5,КОРИСТІВКА,21:12,0,forecast,,,53,22:05,2026-09-27 20:17:37,,,0,2026-09-27 20:17:37
127/128|Дніпро-Головний|Львів|@20260927-2017,127/128|Дніпро-Головний|Львів|,127/128,Дніпро-Головний,Львів,6,ЗНАМ'ЯНКА-ПАС.,21:45,0,forecast,,,53,22:38,2026-09-27 20:17:37,,,0,2026-09-27 20:17:37
127/128|Дніпро-Головний|Львів|@20260927-2017,127/128|Дніпро-Головний|Львів|,127/128,Дніпро-Головний,Львів,7,КРОПИВНИЦЬКИЙ,22:52,0,forecast,,,53,23:45,2026-09-27 20:17:37,,,0,2026-09-27 20:17:37
127/128|Дніпро-Головний|Львів|@20260927-2017,127/128|Дніпро-Головний|Львів|,127/128,Дніпро-Головний,Львів,8,ПЛЕТЕНИЙ ТАШЛИК,23:32,0,forecast,,,53,00:25,2026-09-27 20:17:37,,,0,2026-09-27 20:17:37
127/128|Дніпро-Головний|Львів|@20260927-2017,127/128|Дніпро-Головний|Львів|,127/128,Дніпро-Головний,Львів,9,НОВОУКРАЇНКА,23:52,0,forecast,,,53,00:45,2026-09-27 20:17:37,,,0,2026-09-27 20:17:37
127/128|Дніпро-Головний|Львів|@20260927-2017,127/128|Дніпро-Головний|Львів|,127/128,Дніпро-Головний,Львів,10,ПОМІЧНА,00:10,0,forecast,,,53,01:03,2026-09-27 20:17:37,,,0,2026-09-27 20:17:37
127/128|Дніпро-Головний|Львів|@20260927-2017,127/128|Дніпро-Головний|Львів|,127/128,Дніпро-Головний,Львів,11,ГОЛТА,01:17,0,forecast,,,53,02:10,2026-09-27 20:17:37,,,0,2026-09-27 20:17:37
127/128|Дніпро-Головний|Львів|@20260927-2017,127/128|Дніпро-Головний|Львів|,127/128,Дніпро-Головний,Львів,12,ВРАДІЇВКА,01:56,0,forecast,,,53,02:49,2026-09-27 20:17:37,,,0,2026-09-27 20:17:37
127/128|Дніпро-Головний|Львів|@20260927-2017,127/128|Дніпро-Головний|Львів|,127/128,Дніпро-Головний,Львів,13,ЛЮБАШІВКА,02:25,0,forecast,,,53,03:18,2026-09-27 20:17:37,,,0,2026-09-27 20:17:37
127/128|Дніпро-Головний|Львів|@20260927-2017,127/128|Дніпро-Головний|Львів|,127/128,Дніпро-Головний,Львів,14,БАЛТА,03:26,0,forecast,,,53,04:19,2026-09-27 20:17:37,,,0,2026-09-27 20:17:37
127/128|Дніпро-Головний|Львів|@20260927-2017,127/128|Дніпро-Головний|Львів|,127/128,Дніпро-Головний,Львів,15,СЛОБІДКА,04:02,0,forecast,,,53,04:55,2026-09-27 20:17:37,,,0,2026-09-27 20:17:37
127/128|Дніпро-Головний|Львів|@20260927-2017,127/128|Дніпро-Головний|Львів|,127/128,Дніпро-Головний,Львів,16,КОДИМА,04:30,0,forecast,,,53,05:23,2026-09-27 20:17:37,,,0,2026-09-27 20:17:37
127/128|Дніпро-Головний|Львів|@20260927-2017,127/128|Дніпро-Головний|Львів|,127/128,Дніпро-Головний,Львів,17,КРИЖОПІЛЬ,05:02,0,forecast,,,53,05:55,2026-09-27 20:17:37,,,0,2026-09-27 20:17:37
127/128|Дніпро-Головний|Львів|@20260927-2017,127/128|Дніпро-Головний|Львів|,127/128,Дніпро-Головний,Львів,18,ВАПНЯРКА,05:23,0,forecast,,,53,06:16,2026-09-27 20:17:37,,,0,2026-09-27 20:17:37
127/128|Дніпро-Головний|Львів|@20260927-2017,127/128|Дніпро-Головний|Львів|,127/128,Дніпро-Головний,Львів,19,ЖМЕРИНКА-ПАС.,06:32,0,forecast,,,53,07:25,2026-09-27 20:17:37,,,0,2026-09-27 20:17:37
127/128|Дніпро-Головний|Львів|@20260927-2017,127/128|Дніпро-Головний|Львів|,127/128,Дніпро-Головний,Львів,20,ДЕРАЖНЯ,07:54,0,forecast,,,53,08:47,2026-09-27 20:17:37,,,0,2026-09-27 20:17:37
127/128|Дніпро-Головний|Львів|@20260927-2017,127/128|Дніпро-Головний|Львів|,127/128,Дніпро-Головний,Львів,21,ХМЕЛЬНИЦЬКИЙ,08:28,0,forecast,,,53,09:21,2026-09-27 20:17:37,,,0,2026-09-27 20:17:37
127/128|Дніпро-Головний|Львів|@20260927-2017,127/128|Дніпро-Головний|Львів|,127/128,Дніпро-Головний,Львів,22,ВОЛОЧИСЬК,09:21,0,forecast,,,53,10:14,2026-09-27 20:17:37,,,0,2026-09-27 20:17:37
127/128|Дніпро-Головний|Львів|@20260927-2017,127/128|Дніпро-Головний|Львів|,127/128,Дніпро-Головний,Львів,23,ТЕРНОПІЛЬ-ПАС.,10:18,0,forecast,,,53,11:11,2026-09-27 20:17:37,,,0,2026-09-27 20:17:37
127/128|Дніпро-Головний|Львів|@20260927-2017,127/128|Дніпро-Головний|Львів|,127/128,Дніпро-Головний,Львів,24,ЗЛОЧІВ,11:17,0,forecast,,,53,12:10,2026-09-27 20:17:37,,,0,2026-09-27 20:17:37
127/128|Дніпро-Головний|Львів|@20260927-2017,127/128|Дніпро-Головний|Львів|,127/128,Дніпро-Головний,Львів,25,КРАСНЕ,11:42,0,forecast,,,53,12:35,2026-09-27 20:17:37,,,0,2026-09-27 20:17:37
127/128|Дніпро-Головний|Львів|@20260927-2017,127/128|Дніпро-Головний|Львів|,127/128,Дніпро-Головний,Львів,26,ПІДЗАМЧЕ,12:15,0,forecast,,,53,13:08,2026-09-27 20:17:37,,,0,2026-09-27 20:17:37
127/128|Дніпро-Головний|Львів|@20260927-2017,127/128|Дніпро-Головний|Львів|,127/128,Дніпро-Головний,Львів,27,ЛЬВІВ,12:29,0,forecast,,,53,13:22,2026-09-27 20:17:37,,,1,2026-09-27 20:17:37
13/14|Київ-Пас.|Солотвино-1|@20260927-2017,13/14|Київ-Пас.|Солотвино-1|,13/14,Київ-Пас.,Солотвино-1,0,КИЇВ-ПАС.,,1,fact,74,,,,,2026-09-27 20:17:37,,1,2026-09-27 20:17:37
13/14|Київ-Пас.|Солотвино-1|@20260927-2017,13/14|Київ-Пас.|Солотвино-1|,13/14,Київ-Пас.,Солотвино-1,1,ФАСТІВ-1,17:46,1,fact,72,18:58,,,,2026-09-27 20:17:37,,0,2026-09-27 20:17:37
13/14|Київ-Пас.|Солотвино-1|@20260927-2017,13/14|Київ-Пас.|Солотвино-1|,13/14,Київ-Пас.,Солотвино-1,2,КОЗЯТИН-1,18:51,1,fact,75,20:06,,,,2026-09-27 20:17:37,,0,2026-09-27 20:17:37
13/14|Київ-Пас.|Солотвино-1|@20260927-2017,13/14|Київ-Пас.|Солотвино-1|,13/14,Київ-Пас.,Солотвино-1,3,ВІННИЦЯ,19:40,1,passed_no_fact,,,,,,2026-09-27 20:17:37,,0,2026-09-27 20:17:37
13/14|Київ-Пас.|Солотвино-1|@20260927-2017,13/14|Київ-Пас.|Солотвино-1|,13/14,Київ-Пас.,Солотвино-1,4,ХМЕЛЬНИЦЬКИЙ,21:29,0,forecast,,,74,22:43,2026-09-27 20:17:37,,,0,2026-09-27 20:17:37
13/14|Київ-Пас.|Солотвино-1|@20260927-2017,13/14|Київ-Пас.|Солотвино-1|,13/14,Київ-Пас.,Солотвино-1,5,ГРЕЧАНИ,21:40,0,forecast,,,74,22:54,2026-09-27 20:17:37,,,0,2026-09-27 20:17:37
13/14|Київ-Пас.|Солотвино-1|@20260927-2017,13/14|Київ-Пас.|Солотвино-1|,13/14,Київ-Пас.,Солотвино-1,6,ТЕРНОПІЛЬ-ПАС.,23:15,0,forecast,,,74,00:29,2026-09-27 20:17:37,,,0,2026-09-27 20:17:37
13/14|Київ-Пас.|Солотвино-1|@20260927-2017,13/14|Київ-Пас.|Солотвино-1|,13/14,Київ-Пас.,Солотвино-1,7,ЗЛОЧІВ,00:14,0,forecast,,,74,01:28,2026-09-27 20:17:37,,,0,2026-09-27 20:17:37
13/14|Київ-Пас.|Солотвино-1|@20260927-2017,13/14|Київ-Пас.|Солотвино-1|,13/14,Київ-Пас.,Солотвино-1,8,ЛЬВІВ,01:17,0,forecast,,,74,02:31,2026-09-27 20:17:37,,,1,2026-09-27 20:17:37
13/14|Київ-Пас.|Солотвино-1|@20260927-2017,13/14|Київ-Пас.|Солотвино-1|,13/14,Київ-Пас.,Солотвино-1,9,СТРИЙ,02:42,0,forecast,,,74,03:56,2026-09-27 20:17:37,,,0,2026-09-27 20:17:37
13/14|Київ-Пас.|Солотвино-1|@20260927-2017,13/14|Київ-Пас.|Солотвино-1|,13/14,Київ-Пас.,Солотвино-1,10,СКОЛЕ,03:13,0,forecast,,,74,04:27,2026-09-27 20:17:37,,,0,2026-09-27 20:17:37
13/14|Київ-Пас.|Солотвино-1|@20260927-2017,13/14|Київ-Пас.|Солотвино-1|,13/14,Київ-Пас.,Солотвино-1,11,СЛАВСЬКО,03:43,0,forecast,,,74,04:57,2026-09-27 20:17:37,,,0,2026-09-27 20:17:37
13/14|Київ-Пас.|Солотвино-1|@20260927-2017,13/14|Київ-Пас.|Солотвино-1|,13/14,Київ-Пас.,Солотвино-1,12,ЛАВОЧНЕ,03:56,0,forecast,,,74,05:10,2026-09-27 20:17:37,,,0,2026-09-27 20:17:37
13/14|Київ-Пас.|Солотвино-1|@20260927-2017,13/14|Київ-Пас.|Солотвино-1|,13/14,Київ-Пас.,Солотвино-1,13,ВОЛОВЕЦЬ,04:42,0,forecast,,,74,05:56,2026-09-27 20:17:37,,,0,2026-09-27 20:17:37
13/14|Київ-Пас.|Солотвино-1|@20260927-2017,13/14|Київ-Пас.|Солотвино-1|,13/14,Київ-Пас.,Солотвино-1,14,СВАЛЯВА,05:22,0,forecast,,,74,06:36,2026-09-27 20:17:37,,,0,2026-09-27 20:17:37
13/14|Київ-Пас.|Солотвино-1|@20260927-2017,13/14|Київ-Пас.|Солотвино-1|,13/14,Київ-Пас.,Солотвино-1,15,КАРПАТИ,05:33,0,forecast,,,74,06:47,2026-09-27 20:17:37,,,0,2026-09-27 20:17:37
13/14|Київ-Пас.|Солотвино-1|@20260927-2017,13/14|Київ-Пас.|Солотвино-1|,13/14,Київ-Пас.,Солотвино-1,16,МУКАЧЕВО,05:51,0,forecast,,,74,07:05,2026-09-27 20:17:37,,,0,2026-09-27 20:17:37
13/14|Київ-Пас.|Солотвино-1|@20260927-2017,13/14|Київ-Пас.|Солотвино-1|,13/14,Київ-Пас.,Солотвино-1,17,БАТЬОВО-ПАС.,06:24,0,forecast,,,74,07:38,2026-09-27 20:17:37,,,0,2026-09-27 20:17:37
13/14|Київ-Пас.|Солотвино-1|@20260927-2017,13/14|Київ-Пас.|Солотвино-1|,13/14,Київ-Пас.,Солотвино-1,18,КОСИНИ,07:03,0,forecast,,,74,08:17,2026-09-27 20:17:37,,,0,2026-09-27 20:17:37
13/14|Київ-Пас.|Солотвино-1|@20260927-2017,13/14|Київ-Пас.|Солотвино-1|,13/14,Київ-Пас.,Солотвино-1,19,БЕРЕГОВЕ,07:22,0,forecast,,,74,08:36,2026-09-27 20:17:37,,,0,2026-09-27 20:17:37
13/14|Київ-Пас.|Солотвино-1|@20260927-2017,13/14|Київ-Пас.|Солотвино-1|,13/14,Київ-Пас.,Солотвино-1,20,ВИНОГРАДІВ-ЗАКАРПАТСЬКИЙ,08:02,0,forecast,,,74,09:16,2026-09-27 20:17:37,,,0,2026-09-27 20:17:37
13/14|Київ-Пас.|Солотвино-1|@20260927-2017,13/14|Київ-Пас.|Солотвино-1|,13/14,Київ-Пас.,Солотвино-1,21,КОРОЛЕВО,08:21,0,forecast,,,74,09:35,2026-09-27 20:17:37,,,0,2026-09-27 20:17:37
13/14|Київ-Пас.|Солотвино-1|@20260927-2017,13/14|Київ-Пас.|Солотвино-1|,13/14,Київ-Пас.,Солотвино-1,22,ХУСТ,08:56,0,forecast,,,74,10:10,2026-09-27 20:17:37,,,0,2026-09-27 20:17:37
13/14|Київ-Пас.|Солотвино-1|@20260927-2017,13/14|Київ-Пас.|Солотвино-1|,13/14,Київ-Пас.,Солотвино-1,23,БУШТИНА,09:29,0,forecast,,,74,10:43,2026-09-27 20:17:37,,,0,2026-09-27 20:17:37
13/14|Київ-Пас.|Солотвино-1|@20260927-2017,13/14|Київ-Пас.|Солотвино-1|,13/14,Київ-Пас.,Солотвино-1,24,ТЯЧІВ,09:41,0,forecast,,,74,10:55,2026-09-27 20:17:37,,,0,2026-09-27 20:17:37
13/14|Київ-Пас.|Солотвино-1|@20260927-2017,13/14|Київ-Пас.|Солотвино-1|,13/14,Київ-Пас.,Солотвино-1,25,ТЕРЕСВА,10:02,0,forecast,,,74,11:16,2026-09-27 20:17:37,,,0,2026-09-27 20:17:37
13/14|Київ-Пас.|Солотвино-1|@20260927-2017,13/14|Київ-Пас.|Солотвино-1|,13/14,Київ-Пас.,Солотвино-1,26,СОЛОТВИНО-ЛІКАР.,10:35,0,forecast,,,74,11:49,2026-09-27 20:17:37,,,0,2026-09-27 20:17:37
13/14|Київ-Пас.|Солотвино-1|@20260927-2017,13/14|Київ-Пас.|Солотвино-1|,13/14,Київ-Пас.,Солотвино-1,27,СОЛОТВИНО-1,10:50,0,forecast,,,74,12:04,2026-09-27 20:17:37,,,0,2026-09-27 20:17:37
137/138|Київ-Пас.|Ясіня|27.09@20260927-2017,137/138|Київ-Пас.|Ясіня|27.09,137/138,Київ-Пас.,Ясіня,0,КИЇВ-ПАС.,,1,fact,99,,,,,2026-09-27 20:17:37,,1,2026-09-27 20:17:37
137/138|Київ-Пас.|Ясіня|27.09@20260927-2017,137/138|Київ-Пас.|Ясіня|27.09,137/138,Київ-Пас.,Ясіня,1,ФАСТІВ-1,17:55,1,fact,110,19:45,,,,2026-09-27 20:17:37,,0,2026-09-27 20:17:37
137/138|Київ-Пас.|Ясіня|27.09@20260927-2017,137/138|Київ-Пас.|Ясіня|27.09,137/138,Київ-Пас.,Ясіня,2,КОЗЯТИН-1,19:00,1,passed_no_fact,,,,,,2026-09-27 20:17:37,,0,2026-09-27 20:17:37
137/138|Київ-Пас.|Ясіня|27.09@20260927-2017,137/138|Київ-Пас.|Ясіня|27.09,137/138,Київ-Пас.,Ясіня,3,КАЛИНІВКА-1,19:32,1,passed_no_fact,,,,,,2026-09-27 20:17:37,,0,2026-09-27 20:17:37
137/138|Київ-Пас.|Ясіня|27.09@20260927-2017,137/138|Київ-Пас.|Ясіня|27.09,137/138,Київ-Пас.,Ясіня,4,ВІННИЦЯ,19:52,0,forecast,,,109,21:41,2026-09-27 20:17:37,,,0,2026-09-27 20:17:37
137/138|Київ-Пас.|Ясіня|27.09@20260927-2017,137/138|Київ-Пас.|Ясіня|27.09,137/138,Київ-Пас.,Ясіня,5,ХМЕЛЬНИЦЬКИЙ,21:40,0,forecast,,,109,23:29,2026-09-27 20:17:37,,,0,2026-09-27 20:17:37
137/138|Київ-Пас.|Ясіня|27.09@20260927-2017,137/138|Київ-Пас.|Ясіня|27.09,137/138,Київ-Пас.,Ясіня,6,ТЕРНОПІЛЬ-ПАС.,23:30,0,forecast,,,109,01:19,2026-09-27 20:17:37,,,0,2026-09-27 20:17:37
137/138|Київ-Пас.|Ясіня|27.09@20260927-2017,137/138|Київ-Пас.|Ясіня|27.09,137/138,Київ-Пас.,Ясіня,7,ЗЛОЧІВ,00:27,0,forecast,,,109,02:16,2026-09-27 20:17:37,,,0,2026-09-27 20:17:37
137/138|Київ-Пас.|Ясіня|27.09@20260927-2017,137/138|Київ-Пас.|Ясіня|27.09,137/138,Київ-Пас.,Ясіня,8,ЛЬВІВ,01:28,0,forecast,,,109,03:17,2026-09-27 20:17:37,,,1,2026-09-27 20:17:37
137/138|Київ-Пас.|Ясіня|27.09@20260927-2017,137/138|Київ-Пас.|Ясіня|27.09,137/138,Київ-Пас.,Ясіня,9,ІВАНО-ФРАНКІВСЬК,04:00,0,forecast,,,109,05:49,2026-09-27 20:17:37,,,0,2026-09-27 20:17:37
137/138|Київ-Пас.|Ясіня|27.09@20260927-2017,137/138|Київ-Пас.|Ясіня|27.09,137/138,Київ-Пас.,Ясіня,10,НАДВІРНА,05:44,0,forecast,,,109,07:33,2026-09-27 20:17:37,,,0,2026-09-27 20:17:37
137/138|Київ-Пас.|Ясіня|27.09@20260927-2017,137/138|Київ-Пас.|Ясіня|27.09,137/138,Київ-Пас.,Ясіня,11,ЯРЕМЧЕ,06:22,0,forecast,,,109,08:11,2026-09-27 20:17:37,,,0,2026-09-27 20:17:37
137/138|Київ-Пас.|Ясіня|27.09@20260927-2017,137/138|Київ-Пас.|Ясіня|27.09,137/138,Київ-Пас.,Ясіня,12,ТАТАРІВ-БУКОВЕЛЬ,06:49,0,forecast,,,109,08:38,2026-09-27 20:17:37,,,0,2026-09-27 20:17:37
137/138|Київ-Пас.|Ясіня|27.09@20260927-2017,137/138|Київ-Пас.|Ясіня|27.09,137/138,Київ-Пас.,Ясіня,13,ВОРОХТА,07:04,0,forecast,,,109,08:53,2026-09-27 20:17:37,,,0,2026-09-27 20:17:37
137/138|Київ-Пас.|Ясіня|27.09@20260927-2017,137/138|Київ-Пас.|Ясіня|27.09,137/138,Київ-Пас.,Ясіня,14,ЯСІНЯ,07:40,0,forecast,,,109,09:29,2026-09-27 20:17:37,,,0,2026-09-27 20:17:37
141/142|Чернігів|Ясіня|@20260927-2017,141/142|Чернігів|Ясіня|,141/142,Чернігів,Ясіня,0,ЧЕРНІГІВ,,1,passed_no_fact,,,,,,2026-09-27 20:17:37,,0,2026-09-27 20:17:37
141/142|Чернігів|Ясіня|@20260927-2017,141/142|Чернігів|Ясіня|,141/142,Чернігів,Ясіня,1,НІЖИН,14:41,1,passed_no_fact,,,,,,2026-09-27 20:17:37,,0,2026-09-27 20:17:37
141/142|Чернігів|Ясіня|@20260927-2017,141/142|Чернігів|Ясіня|,141/142,Чернігів,Ясіня,2,БРОВАРИ,15:45,1,fact,42,16:27,,,,2026-09-27 20:17:37,,0,2026-09-27 20:17:37
141/142|Чернігів|Ясіня|@20260927-2017,141/142|Чернігів|Ясіня|,141/142,Чернігів,Ясіня,3,ДАРНИЦЯ,16:02,1,fact,41,16:43,,,,2026-09-27 20:17:37,,0,2026-09-27 20:17:37
141/142|Чернігів|Ясіня|@20260927-2017,141/142|Чернігів|Ясіня|,141/142,Чернігів,Ясіня,4,КИЇВ-ДЕМІЇВСЬКИЙ,16:15,1,fact,40,16:55,,,,2026-09-27 20:17:37,,1,2026-09-27 20:17:37
141/142|Чернігів|Ясіня|@20260927-2017,141/142|Чернігів|Ясіня|,141/142,Чернігів,Ясіня,5,КИЇВ-ПАС.,16:23,1,fact,112,18:15,,,,2026-09-27 20:17:37,,1,2026-09-27 20:17:37
141/142|Чернігів|Ясіня|@20260927-2017,141/142|Чернігів|Ясіня|,141/142,Чернігів,Ясіня,6,ФАСТІВ-1,17:55,1,fact,110,19:45,,,,2026-09-27 20:17:37,,0,2026-09-27 20:17:37
141/142|Чернігів|Ясіня|@20260927-2017,141/142|Чернігів|Ясіня|,141/142,Чернігів,Ясіня,7,КОЗЯТИН-1,19:00,1,passed_no_fact,,,,,,2026-09-27 20:17:37,,0,2026-09-27 20:17:37
141/142|Чернігів|Ясіня|@20260927-2017,141/142|Чернігів|Ясіня|,141/142,Чернігів,Ясіня,8,КАЛИНІВКА-1,19:32,1,passed_no_fact,,,,,,2026-09-27 20:17:37,,0,2026-09-27 20:17:37
141/142|Чернігів|Ясіня|@20260927-2017,141/142|Чернігів|Ясіня|,141/142,Чернігів,Ясіня,9,ВІННИЦЯ,19:52,0,forecast,,,109,21:41,2026-09-27 20:17:37,,,0,2026-09-27 20:17:37
141/142|Чернігів|Ясіня|@20260927-2017,141/142|Чернігів|Ясіня|,141/142,Чернігів,Ясіня,10,ХМЕЛЬНИЦЬКИЙ,21:40,0,forecast,,,109,23:29,2026-09-27 20:17:37,,,0,2026-09-27 20:17:37
141/142|Чернігів|Ясіня|@20260927-2017,141/142|Чернігів|Ясіня|,141/142,Чернігів,Ясіня,11,ТЕРНОПІЛЬ-ПАС.,23:30,0,forecast,,,109,01:19,2026-09-27 20:17:37,,,0,2026-09-27 20:17:37
141/142|Чернігів|Ясіня|@20260927-2017,141/142|Чернігів|Ясіня|,141/142,Чернігів,Ясіня,12,ЗЛОЧІВ,00:27,0,forecast,,,109,02:16,2026-09-27 20:17:37,,,0,2026-09-27 20:17:37
141/142|Чернігів|Ясіня|@20260927-2017,141/142|Чернігів|Ясіня|,141/142,Чернігів,Ясіня,13,ЛЬВІВ,01:28,0,forecast,,,109,03:17,2026-09-27 20:17:37,,,1,2026-09-27 20:17:37
141/142|Чернігів|Ясіня|@20260927-2017,141/142|Чернігів|Ясіня|,141/142,Чернігів,Ясіня,14,ІВАНО-ФРАНКІВСЬК,04:00,0,forecast,,,109,05:49,2026-09-27 20:17:37,,,0,2026-09-27 20:17:37
141/142|Чернігів|Ясіня|@20260927-2017,141/142|Чернігів|Ясіня|,141/142,Чернігів,Ясіня,15,НАДВІРНА,05:44,0,forecast,,,109,07:33,2026-09-27 20:17:37,,,0,2026-09-27 20:17:37
141/142|Чернігів|Ясіня|@20260927-2017,141/142|Чернігів|Ясіня|,141/142,Чернігів,Ясіня,16,ЯРЕМЧЕ,06:22,0,forecast,,,109,08:11,2026-09-27 20:17:37,,,0,2026-09-27 20:17:37
141/142|Чернігів|Ясіня|@20260927-2017,141/142|Чернігів|Ясіня|,141/142,Чернігів,Ясіня,17,ТАТАРІВ-БУКОВЕЛЬ,06:49,0,forecast,,,109,08:38,2026-09-27 20:17:37,,,0,2026-09-27 20:17:37
141/142|Чернігів|Ясіня|@20260927-2017,141/142|Чернігів|Ясіня|,141/142,Чернігів,Ясіня,18,ВОРОХТА,07:04,0,forecast,,,109,08:53,2026-09-27 20:17:37,,,0,2026-09-27 20:17:37
141/142|Чернігів|Ясіня|@20260927-2017,141/142|Чернігів|Ясіня|,141/142,Чернігів,Ясіня,19,ЯСІНЯ,07:40,0,forecast,,,109,09:29,2026-09-27 20:17:37,,,0,2026-09-27 20:17:37
17/18|Харків-Пас.|Ужгород|@20260927-2017,17/18|Харків-Пас.|Ужгород|,17/18,Харків-Пас.,Ужгород,0,ХАРКІВ-ПАС.,,1,passed_no_fact,,,,,,2026-09-27 20:17:37,,1,2026-09-27 20:17:37
17/18|Харків-Пас.|Ужгород|@20260927-2017,17/18|Харків-Пас.|Ужгород|,17/18,Харків-Пас.,Ужгород,1,ПОЛТАВА-КИЇВСЬКА,16:40,1,fact,-4,16:36,,,,2026-09-27 20:17:37,,1,2026-09-27 20:17:37
17/18|Харків-Пас.|Ужгород|@20260927-2017,17/18|Харків-Пас.|Ужгород|,17/18,Харків-Пас.,Ужгород,2,МИЛАШЕНКОВЕ,18:29,1,fact,3,18:32,,,,2026-09-27 20:17:37,,0,2026-09-27 20:17:37
17/18|Харків-Пас.|Ужгород|@20260927-2017,17/18|Харків-Пас.|Ужгород|,17/18,Харків-Пас.,Ужгород,3,МИРГОРОД,18:41,1,fact,80,20:01,,,,2026-09-27 20:17:37,,0,2026-09-27 20:17:37
17/18|Харків-Пас.|Ужгород|@20260927-2017,17/18|Харків-Пас.|Ужгород|,17/18,Харків-Пас.,Ужгород,4,ЛУБНИ,19:26,1,passed_no_fact,,,,,,2026-09-27 20:17:37,,0,2026-09-27 20:17:37
17/18|Харків-Пас.|Ужгород|@20260927-2017,17/18|Харків-Пас.|Ужгород|,17/18,Харків-Пас.,Ужгород,5,КИЇВ-ПАС.,21:36,0,forecast,,,90,23:06,2026-09-27 20:17:37,,,1,2026-09-27 20:17:37
17/18|Харків-Пас.|Ужгород|@20260927-2017,17/18|Харків-Пас.|Ужгород|,17/18,Харків-Пас.,Ужгород,6,ЛЬВІВ,04:17,0,forecast,,,90,05:47,2026-09-27 20:17:37,,,1,2026-09-27 20:17:37
17/18|Харків-Пас.|Ужгород|@20260927-2017,17/18|Харків-Пас.|Ужгород|,17/18,Харків-Пас.,Ужгород,7,СЛАВСЬКО,06:32,0,forecast,,,90,08:02,2026-09-27 20:17:37,,,0,2026-09-27 20:17:37
17/18|Харків-Пас.|Ужгород|@20260927-2017,17/18|Харків-Пас.|Ужгород|,17/18,Харків-Пас.,Ужгород,8,ВОЛОВЕЦЬ,07:20,0,forecast,,,90,08:50,2026-09-27 20:17:37,,,0,2026-09-27 20:17:37
17/18|Харків-Пас.|Ужгород|@20260927-2017,17/18|Харків-Пас.|Ужгород|,17/18,Харків-Пас.,Ужгород,9,СВАЛЯВА,07:51,0,forecast,,,90,09:21,2026-09-27 20:17:37,,,0,2026-09-27 20:17:37
17/18|Харків-Пас.|Ужгород|@20260927-2017,17/18|Харків-Пас.|Ужгород|,17/18,Харків-Пас.,Ужгород,10,МУКАЧЕВО,08:16,0,forecast,,,90,09:46,2026-09-27 20:17:37,,,0,2026-09-27 20:17:37
17/18|Харків-Пас.|Ужгород|@20260927-2017,17/18|Харків-Пас.|Ужгород|,17/18,Харків-Пас.,Ужгород,11,УЖГОРОД,09:30,0,forecast,,,90,11:00,2026-09-27 20:17:37,,,0,2026-09-27 20:17:37
177/178|Івано-Франківськ|Київ-Пас.|@20260927-2017,177/178|Івано-Франківськ|Київ-Пас.|,177/178,Івано-Франківськ,Київ-Пас.,0,ІВАНО-ФРАНКІВСЬК,,1,passed_no_fact,,,,,,2026-09-27 20:17:37,,0,2026-09-27 20:17:37
177/178|Івано-Франківськ|Київ-Пас.|@20260927-2017,177/178|Івано-Франківськ|Київ-Пас.|,177/178,Івано-Франківськ,Київ-Пас.,1,ЛЬВІВ,12:45,1,fact,5,12:50,,,,2026-09-27 20:17:37,,1,2026-09-27 20:17:37
177/178|Івано-Франківськ|Київ-Пас.|@20260927-2017,177/178|Івано-Франківськ|Київ-Пас.|,177/178,Івано-Франківськ,Київ-Пас.,2,ЗАБОЛОТЦІ,14:15,1,fact,136,16:31,,,,2026-09-27 20:17:37,,0,2026-09-27 20:17:37
177/178|Івано-Франківськ|Київ-Пас.|@20260927-2017,177/178|Івано-Франківськ|Київ-Пас.|,177/178,Івано-Франківськ,Київ-Пас.,3,КИЇВ-ПАС.,19:16,0,forecast,,,161,21:57,2026-09-27 20:17:37,,,1,2026-09-27 20:17:37
237/238|Київ-Пас.|Ужгород|@20260927-2017,237/238|Київ-Пас.|Ужгород|,237/238,Київ-Пас.,Ужгород,0,КИЇВ-ПАС.,,1,fact,74,,,,,2026-09-27 20:17:37,,1,2026-09-27 20:17:37
237/238|Київ-Пас.|Ужгород|@20260927-2017,237/238|Київ-Пас.|Ужгород|,237/238,Київ-Пас.,Ужгород,1,ФАСТІВ-1,17:46,1,fact,72,18:58,,,,2026-09-27 20:17:37,,0,2026-09-27 20:17:37
237/238|Київ-Пас.|Ужгород|@20260927-2017,237/238|Київ-Пас.|Ужгород|,237/238,Київ-Пас.,Ужгород,2,КОЗЯТИН-1,18:51,1,fact,75,20:06,,,,2026-09-27 20:17:37,,0,2026-09-27 20:17:37
237/238|Київ-Пас.|Ужгород|@20260927-2017,237/238|Київ-Пас.|Ужгород|,237/238,Київ-Пас.,Ужгород,3,ВІННИЦЯ,19:40,1,passed_no_fact,,,,,,2026-09-27 20:17:37,,0,2026-09-27 20:17:37
237/238|Київ-Пас.|Ужгород|@20260927-2017,237/238|Київ-Пас.|Ужгород|,237/238,Київ-Пас.,Ужгород,4,ХМЕЛЬНИЦЬКИЙ,21:29,0,forecast,,,74,22:43,2026-09-27 20:17:37,,,0,2026-09-27 20:17:37
237/238|Київ-Пас.|Ужгород|@20260927-2017,237/238|Київ-Пас.|Ужгород|,237/238,Київ-Пас.,Ужгород,5,ГРЕЧАНИ,21:40,0,forecast,,,74,22:54,2026-09-27 20:17:37,,,0,2026-09-27 20:17:37
237/238|Київ-Пас.|Ужгород|@20260927-2017,237/238|Київ-Пас.|Ужгород|,237/238,Київ-Пас.,Ужгород,6,ТЕРНОПІЛЬ-ПАС.,23:15,0,forecast,,,74,00:29,2026-09-27 20:17:37,,,0,2026-09-27 20:17:37
237/238|Київ-Пас.|Ужгород|@20260927-2017,237/238|Київ-Пас.|Ужгород|,237/238,Київ-Пас.,Ужгород,7,ЗЛОЧІВ,00:14,0,forecast,,,74,01:28,2026-09-27 20:17:37,,,0,2026-09-27 20:17:37
237/238|Київ-Пас.|Ужгород|@20260927-2017,237/238|Київ-Пас.|Ужгород|,237/238,Київ-Пас.,Ужгород,8,ЛЬВІВ,01:17,0,forecast,,,74,02:31,2026-09-27 20:17:37,,,1,2026-09-27 20:17:37
237/238|Київ-Пас.|Ужгород|@20260927-2017,237/238|Київ-Пас.|Ужгород|,237/238,Київ-Пас.,Ужгород,9,СТРИЙ,02:42,0,forecast,,,74,03:56,2026-09-27 20:17:37,,,0,2026-09-27 20:17:37
237/238|Київ-Пас.|Ужгород|@20260927-2017,237/238|Київ-Пас.|Ужгород|,237/238,Київ-Пас.,Ужгород,10,СКОЛЕ,03:13,0,forecast,,,74,04:27,2026-09-27 20:17:37,,,0,2026-09-27 20:17:37
237/238|Київ-Пас.|Ужгород|@20260927-2017,237/238|Київ-Пас.|Ужгород|,237/238,Київ-Пас.,Ужгород,11,СЛАВСЬКО,03:43,0,forecast,,,74,04:57,2026-09-27 20:17:37,,,0,2026-09-27 20:17:37
237/238|Київ-Пас.|Ужгород|@20260927-2017,237/238|Київ-Пас.|Ужгород|,237/238,Київ-Пас.,Ужгород,12,ЛАВОЧНЕ,03:56,0,forecast,,,74,05:10,2026-09-27 20:17:37,,,0,2026-09-27 20:17:37
237/238|Київ-Пас.|Ужгород|@20260927-2017,237/238|Київ-Пас.|Ужгород|,237/238,Київ-Пас.,Ужгород,13,ВОЛОВЕЦЬ,04:42,0,forecast,,,74,05:56,2026-09-27 20:17:37,,,0,2026-09-27 20:17:37
237/238|Київ-Пас.|Ужгород|@20260927-2017,237/238|Київ-Пас.|Ужгород|,237/238,Київ-Пас.,Ужгород,14,СВАЛЯВА,05:22,0,forecast,,,74,06:36,2026-09-27 20:17:37,,,0,2026-09-27 20:17:37
237/238|Київ-Пас.|Ужгород|@20260927-2017,237/238|Київ-Пас.|Ужгород|,237/238,Київ-Пас.,Ужгород,15,КАРПАТИ,05:33,0,forecast,,,74,06:47,2026-09-27 20:17:37,,,0,2026-09-27 20:17:37
237/238|Київ-Пас.|Ужгород|@20260927-2017,237/238|Київ-Пас.|Ужгород|,237/238,Київ-Пас.,Ужгород,16,МУКАЧЕВО,05:51,0,forecast,,,74,07:05,2026-09-27 20:17:37,,,0,2026-09-27 20:17:37
237/238|Київ-Пас.|Ужгород|@20260927-2017,237/238|Київ-Пас.|Ужгород|,237/238,Київ-Пас.,Ужгород,17,БАТЬОВО-ПАС.,06:24,0,forecast,,,74,07:38,2026-09-27 20:17:37,,,0,2026-09-27 20:17:37
237/238|Київ-Пас.|Ужгород|@20260927-2017,237/238|Київ-Пас.|Ужгород|,237/238,Київ-Пас.,Ужгород,18,УЖГОРОД,07:34,0,forecast,,,74,08:48,2026-09-27 20:17:37,,,0,2026-09-27 20:17:37
261/262|Дніпро-Головний|Чернівці|@20260927-2017,261/262|Дніпро-Головний|Чернівці|,261/262,Дніпро-Головний,Чернівці,0,ДНІПРО-ГОЛОВНИЙ,,1,passed_no_fact,,,,,,2026-09-27 20:17:37,,1,2026-09-27 20:17:37
261/262|Дніпро-Головний|Чернівці|@20260927-2017,261/262|Дніпро-Головний|Чернівці|,261/262,Дніпро-Головний,Чернівці,1,КАМ'ЯНСЬКЕ-ПАС.,15:32,1,fact,8,15:40,,,,2026-09-27 20:17:37,,0,2026-09-27 20:17:37
261/262|Дніпро-Головний|Чернівці|@20260927-2017,261/262|Дніпро-Головний|Чернівці|,261/262,Дніпро-Головний,Чернівці,2,ВЕРХНЬОДНІПРОВСЬК,15:51,1,fact,11,16:02,,,,2026-09-27 20:17:37,,1,2026-09-27 20:17:37
261/262|Дніпро-Головний|Чернівці|@20260927-2017,261/262|Дніпро-Головний|Чернівці|,261/262,Дніпро-Головний,Чернівці,3,ВІЛЬНОГІРСЬК,16:17,1,fact,16,16:33,,,,2026-09-27 20:17:37,,0,2026-09-27 20:17:37
261/262|Дніпро-Головний|Чернівці|@20260927-2017,261/262|Дніпро-Головний|Чернівці|,261/262,Дніпро-Головний,Чернівці,4,П'ЯТИХАТКИ,16:40,1,fact,21,17:01,,,,2026-09-27 20:17:37,,0,2026-09-27 20:17:37
261/262|Дніпро-Головний|Чернівці|@20260927-2017,261/262|Дніпро-Головний|Чернівці|,261/262,Дніпро-Головний,Чернівці,5,ОЛЕКСАНДРІЯ,17:57,1,fact,19,18:16,,,,2026-09-27 20:17:37,,0,2026-09-27 20:17:37
261/262|Дніпро-Головний|Чернівці|@20260927-2017,261/262|Дніпро-Головний|Чернівці|,261/262,Дніпро-Головний,Чернівці,6,КОРИСТІВКА,18:10,1,fact,20,18:30,,,,2026-09-27 20:17:37,,0,2026-09-27 20:17:37
261/262|Дніпро-Головний|Чернівці|@20260927-2017,261/262|Дніпро-Головний|Чернівці|,261/262,Дніпро-Головний,Чернівці,7,ЗНАМ'ЯНКА-ПАС.,18:38,1,fact,31,19:09,,,,2026-09-27 20:17:37,,0,2026-09-27 20:17:37
261/262|Дніпро-Головний|Чернівці|@20260927-2017,261/262|Дніпро-Головний|Чернівці|,261/262,Дніпро-Головний,Чернівці,8,ІМ.ТАРАСА ШЕВЧЕНКА,19:50,0,forecast,,,32,20:22,2026-09-27 20:17:37,,,0,2026-09-27 20:17:37
261/262|Дніпро-Головний|Чернівці|@20260927-2017,261/262|Дніпро-Головний|Чернівці|,261/262,Дніпро-Головний,Чернівці,9,БІЛА ЦЕРКВА,22:26,0,forecast,,,32,22:58,2026-09-27 20:17:37,,,0,2026-09-27 20:17:37
261/262|Дніпро-Головний|Чернівці|@20260927-2017,261/262|Дніпро-Головний|Чернівці|,261/262,Дніпро-Головний,Чернівці,10,ЛЬВІВ,04:50,0,forecast,,,32,05:22,2026-09-27 20:17:37,,,1,2026-09-27 20:17:37
261/262|Дніпро-Головний|Чернівці|@20260927-2017,261/262|Дніпро-Головний|Чернівці|,261/262,Дніпро-Головний,Чернівці,11,ХОДОРІВ,06:12,0,forecast,,,32,06:44,2026-09-27 20:17:37,,,0,2026-09-27 20:17:37
261/262|Дніпро-Головний|Чернівці|@20260927-2017,261/262|Дніпро-Головний|Чернівці|,261/262,Дніпро-Головний,Чернівці,12,ІВАНО-ФРАНКІВСЬК,07:21,0,forecast,,,32,07:53,2026-09-27 20:17:37,,,0,2026-09-27 20:17:37
261/262|Дніпро-Головний|Чернівці|@20260927-2017,261/262|Дніпро-Головний|Чернівці|,261/262,Дніпро-Головний,Чернівці,13,КОЛОМИЯ,08:31,0,forecast,,,32,09:03,2026-09-27 20:17:37,,,0,2026-09-27 20:17:37
261/262|Дніпро-Головний|Чернівці|@20260927-2017,261/262|Дніпро-Головний|Чернівці|,261/262,Дніпро-Головний,Чернівці,14,СНЯТИН,09:03,0,forecast,,,32,09:35,2026-09-27 20:17:37,,,0,2026-09-27 20:17:37
261/262|Дніпро-Головний|Чернівці|@20260927-2017,261/262|Дніпро-Головний|Чернівці|,261/262,Дніпро-Головний,Чернівці,15,ЧЕРНІВЦІ,09:38,0,forecast,,,32,10:10,2026-09-27 20:17:37,,,0,2026-09-27 20:17:37
285/286|Львів|Дніпро-Головний|@20260927-2017,285/286|Львів|Дніпро-Головний|,285/286,Львів,Дніпро-Головний,0,ЛЬВІВ,,1,fact,1,,,,,2026-09-27 20:17:37,,1,2026-09-27 20:17:37
285/286|Львів|Дніпро-Головний|@20260927-2017,285/286|Львів|Дніпро-Головний|,285/286,Львів,Дніпро-Головний,1,ПІДЗАМЧЕ,16:52,1,fact,-1,16:51,,,,2026-09-27 20:17:37,,0,2026-09-27 20:17:37
285/286|Львів|Дніпро-Головний|@20260927-2017,285/286|Львів|Дніпро-Головний|,285/286,Львів,Дніпро-Головний,2,КРАСНЕ,17:23,1,fact,1,17:23,,,,2026-09-27 20:17:37,,0,2026-09-27 20:17:37
285/286|Львів|Дніпро-Головний|@20260927-2017,285/286|Львів|Дніпро-Головний|,285/286,Львів,Дніпро-Головний,3,ЗЛОЧІВ,17:47,1,fact,1,17:47,,,,2026-09-27 20:17:37,,0,2026-09-27 20:17:37
285/286|Львів|Дніпро-Головний|@20260927-2017,285/286|Львів|Дніпро-Головний|,285/286,Львів,Дніпро-Головний,4,ТЕРНОПІЛЬ-ПАС.,18:42,1,passed_no_fact,,,,,,2026-09-27 20:17:37,,0,2026-09-27 20:17:37
285/286|Львів|Дніпро-Головний|@20260927-2017,285/286|Львів|Дніпро-Головний|,285/286,Львів,Дніпро-Головний,5,ПІДВОЛОЧИСЬК,19:32,1,passed_no_fact,,,,,,2026-09-27 20:17:37,,0,2026-09-27 20:17:37
285/286|Львів|Дніпро-Головний|@20260927-2017,285/286|Львів|Дніпро-Головний|,285/286,Львів,Дніпро-Головний,6,ВОЛОЧИСЬК,19:43,1,passed_no_fact,,,,,,2026-09-27 20:17:37,,0,2026-09-27 20:17:37
285/286|Львів|Дніпро-Головний|@20260927-2017,285/286|Львів|Дніпро-Головний|,285/286,Львів,Дніпро-Головний,7,ХМЕЛЬНИЦЬКИЙ,20:33,0,forecast,,,102,22:15,2026-09-27 20:17:37,,,0,2026-09-27 20:17:37
285/286|Львів|Дніпро-Головний|@20260927-2017,285/286|Львів|Дніпро-Головний|,285/286,Львів,Дніпро-Головний,8,БРАЇЛІВ,22:05,0,forecast,,,102,23:47,2026-09-27 20:17:37,,,0,2026-09-27 20:17:37
285/286|Львів|Дніпро-Головний|@20260927-2017,285/286|Львів|Дніпро-Головний|,285/286,Львів,Дніпро-Головний,9,ВІННИЦЯ,22:38,0,forecast,,,102,00:20,2026-09-27 20:17:37,,,0,2026-09-27 20:17:37
285/286|Львів|Дніпро-Головний|@20260927-2017,285/286|Львів|Дніпро-Головний|,285/286,Львів,Дніпро-Головний,10,КАЛИНІВКА-1,23:04,0,forecast,,,102,00:46,2026-09-27 20:17:37,,,0,2026-09-27 20:17:37
285/286|Львів|Дніпро-Головний|@20260927-2017,285/286|Львів|Дніпро-Головний|,285/286,Львів,Дніпро-Головний,11,КОЗЯТИН-1,23:41,0,forecast,,,102,01:23,2026-09-27 20:17:37,,,0,2026-09-27 20:17:37
285/286|Львів|Дніпро-Головний|@20260927-2017,285/286|Львів|Дніпро-Головний|,285/286,Львів,Дніпро-Головний,12,БІЛА ЦЕРКВА,01:29,0,forecast,,,102,03:11,2026-09-27 20:17:37,,,0,2026-09-27 20:17:37
285/286|Львів|Дніпро-Головний|@20260927-2017,285/286|Львів|Дніпро-Головний|,285/286,Львів,Дніпро-Головний,13,МИРОНІВКА,02:29,0,forecast,,,102,04:11,2026-09-27 20:17:37,,,0,2026-09-27 20:17:37
285/286|Львів|Дніпро-Головний|@20260927-2017,285/286|Львів|Дніпро-Головний|,285/286,Львів,Дніпро-Головний,14,КОРСУНЬ,02:57,0,forecast,,,102,04:39,2026-09-27 20:17:37,,,0,2026-09-27 20:17:37
285/286|Львів|Дніпро-Головний|@20260927-2017,285/286|Львів|Дніпро-Головний|,285/286,Львів,Дніпро-Головний,15,ГОРОДИЩЕ,03:18,0,forecast,,,102,05:00,2026-09-27 20:17:37,,,0,2026-09-27 20:17:37
285/286|Львів|Дніпро-Головний|@20260927-2017,285/286|Львів|Дніпро-Головний|,285/286,Львів,Дніпро-Головний,16,ІМ.ТАРАСА ШЕВЧЕНКА,03:56,0,forecast,,,102,05:38,2026-09-27 20:17:37,,,0,2026-09-27 20:17:37
285/286|Львів|Дніпро-Головний|@20260927-2017,285/286|Львів|Дніпро-Головний|,285/286,Львів,Дніпро-Головний,17,КАМ'ЯНКА,04:30,0,forecast,,,102,06:12,2026-09-27 20:17:37,,,0,2026-09-27 20:17:37
285/286|Львів|Дніпро-Головний|@20260927-2017,285/286|Львів|Дніпро-Головний|,285/286,Львів,Дніпро-Головний,18,ФУНДУКЛІЇВКА,04:46,0,forecast,,,102,06:28,2026-09-27 20:17:37,,,0,2026-09-27 20:17:37
285/286|Львів|Дніпро-Головний|@20260927-2017,285/286|Львів|Дніпро-Головний|,285/286,Львів,Дніпро-Головний,19,ЗНАМ'ЯНКА-ПАС.,05:30,0,forecast,,,102,07:12,2026-09-27 20:17:37,,,0,2026-09-27 20:17:37
285/286|Львів|Дніпро-Головний|@20260927-2017,285/286|Львів|Дніпро-Головний|,285/286,Львів,Дніпро-Головний,20,КОРИСТІВКА,06:03,0,forecast,,,102,07:45,2026-09-27 20:17:37,,,0,2026-09-27 20:17:37
285/286|Львів|Дніпро-Головний|@20260927-2017,285/286|Львів|Дніпро-Головний|,285/286,Львів,Дніпро-Головний,21,ОЛЕКСАНДРІЯ,06:16,0,forecast,,,102,07:58,2026-09-27 20:17:37,,,0,2026-09-27 20:17:37
285/286|Львів|Дніпро-Головний|@20260927-2017,285/286|Львів|Дніпро-Головний|,285/286,Львів,Дніпро-Головний,22,П'ЯТИХАТКИ,07:36,0,forecast,,,102,09:18,2026-09-27 20:17:37,,,0,2026-09-27 20:17:37
285/286|Львів|Дніпро-Головний|@20260927-2017,285/286|Львів|Дніпро-Головний|,285/286,Львів,Дніпро-Головний,23,ВІЛЬНОГІРСЬК,07:59,0,forecast,,,102,09:41,2026-09-27 20:17:37,,,0,2026-09-27 20:17:37
285/286|Львів|Дніпро-Головний|@20260927-2017,285/286|Львів|Дніпро-Головний|,285/286,Львів,Дніпро-Головний,24,ВЕРХНЬОДНІПРОВСЬК,08:27,0,forecast,,,102,10:09,2026-09-27 20:17:37,,,1,2026-09-27 20:17:37
285/286|Львів|Дніпро-Головний|@20260927-2017,285/286|Львів|Дніпро-Головний|,285/286,Львів,Дніпро-Головний,25,КАМ'ЯНСЬКЕ-ПАС.,08:46,0,forecast,,,102,10:28,2026-09-27 20:17:37,,,0,2026-09-27 20:17:37
285/286|Львів|Дніпро-Головний|@20260927-2017,285/286|Львів|Дніпро-Головний|,285/286,Львів,Дніпро-Головний,26,ДНІПРО-ГОЛОВНИЙ,09:20,0,forecast,,,102,11:02,2026-09-27 20:17:37,,,1,2026-09-27 20:17:37
3/4|Дніпро-Головний|Ужгород|@20260927-2017,3/4|Дніпро-Головний|Ужгород|,3/4,Дніпро-Головний,Ужгород,0,ДНІПРО-ГОЛОВНИЙ,,1,fact,32,,,,,2026-09-27 20:17:37,,1,2026-09-27 20:17:37
3/4|Дніпро-Головний|Ужгород|@20260927-2017,3/4|Дніпро-Головний|Ужгород|,3/4,Дніпро-Головний,Ужгород,1,КАМ'ЯНСЬКЕ-ПАС.,16:57,1,fact,51,17:48,,,,2026-09-27 20:17:37,,0,2026-09-27 20:17:37
3/4|Дніпро-Головний|Ужгород|@20260927-2017,3/4|Дніпро-Головний|Ужгород|,3/4,Дніпро-Головний,Ужгород,2,П'ЯТИХАТКИ,17:58,1,fact,69,19:07,,,,2026-09-27 20:17:37,,0,2026-09-27 20:17:37
3/4|Дніпро-Головний|Ужгород|@20260927-2017,3/4|Дніпро-Головний|Ужгород|,3/4,Дніпро-Головний,Ужгород,3,ОЛЕКСАНДРІЯ,19:14,1,passed_no_fact,,,,,,2026-09-27 20:17:37,,0,2026-09-27 20:17:37
3/4|Дніпро-Головний|Ужгород|@20260927-2017,3/4|Дніпро-Головний|Ужгород|,3/4,Дніпро-Головний,Ужгород,4,ЗНАМ'ЯНКА-ПАС.,19:53,0,forecast,,,70,21:03,2026-09-27 20:17:37,,,0,2026-09-27 20:17:37
3/4|Дніпро-Головний|Ужгород|@20260927-2017,3/4|Дніпро-Головний|Ужгород|,3/4,Дніпро-Головний,Ужгород,5,ІМ.ТАРАСА ШЕВЧЕНКА,21:05,0,forecast,,,70,22:15,2026-09-27 20:17:37,,,0,2026-09-27 20:17:37
3/4|Дніпро-Головний|Ужгород|@20260927-2017,3/4|Дніпро-Головний|Ужгород|,3/4,Дніпро-Головний,Ужгород,6,БІЛА ЦЕРКВА,23:15,0,forecast,,,70,00:25,2026-09-27 20:17:37,,,0,2026-09-27 20:17:37
3/4|Дніпро-Головний|Ужгород|@20260927-2017,3/4|Дніпро-Головний|Ужгород|,3/4,Дніпро-Головний,Ужгород,7,БЕРДИЧІВ,01:25,0,forecast,,,70,02:35,2026-09-27 20:17:37,,,0,2026-09-27 20:17:37
3/4|Дніпро-Головний|Ужгород|@20260927-2017,3/4|Дніпро-Головний|Ужгород|,3/4,Дніпро-Головний,Ужгород,8,ЛЬВІВ,05:47,0,forecast,,,70,06:57,2026-09-27 20:17:37,,,1,2026-09-27 20:17:37
3/4|Дніпро-Головний|Ужгород|@20260927-2017,3/4|Дніпро-Головний|Ужгород|,3/4,Дніпро-Головний,Ужгород,9,СТРИЙ,07:11,0,forecast,,,70,08:21,2026-09-27 20:17:37,,,0,2026-09-27 20:17:37
3/4|Дніпро-Головний|Ужгород|@20260927-2017,3/4|Дніпро-Головний|Ужгород|,3/4,Дніпро-Головний,Ужгород,10,СЛАВСЬКО,08:08,0,forecast,,,70,09:18,2026-09-27 20:17:37,,,0,2026-09-27 20:17:37
3/4|Дніпро-Головний|Ужгород|@20260927-2017,3/4|Дніпро-Головний|Ужгород|,3/4,Дніпро-Головний,Ужгород,11,ВОЛОВЕЦЬ,08:58,0,forecast,,,70,10:08,2026-09-27 20:17:37,,,0,2026-09-27 20:17:37
3/4|Дніпро-Головний|Ужгород|@20260927-2017,3/4|Дніпро-Головний|Ужгород|,3/4,Дніпро-Головний,Ужгород,12,СВАЛЯВА,09:29,0,forecast,,,70,10:39,2026-09-27 20:17:37,,,0,2026-09-27 20:17:37
3/4|Дніпро-Головний|Ужгород|@20260927-2017,3/4|Дніпро-Головний|Ужгород|,3/4,Дніпро-Головний,Ужгород,13,МУКАЧЕВО,09:55,0,forecast,,,70,11:05,2026-09-27 20:17:37,,,0,2026-09-27 20:17:37
3/4|Дніпро-Головний|Ужгород|@20260927-2017,3/4|Дніпро-Головний|Ужгород|,3/4,Дніпро-Головний,Ужгород,14,УЖГОРОД,11:10,0,forecast,,,70,12:20,2026-09-27 20:17:37,,,0,2026-09-27 20:17:37
31/32|Запоріжжя-1|Перемишль|@20260927-2017,31/32|Запоріжжя-1|Перемишль|,31/32,Запоріжжя-1,Перемишль,0,ЗАПОРІЖЖЯ-1,13:55,1,passed_no_fact,,,,,,2026-09-27 20:17:37,,0,2026-09-27 20:17:37
31/32|Запоріжжя-1|Перемишль|@20260927-2017,31/32|Запоріжжя-1|Перемишль|,31/32,Запоріжжя-1,Перемишль,1,СИНЕЛЬНИКОВЕ-1,14:52,1,passed_no_fact,,,,,,2026-09-27 20:17:37,,0,2026-09-27 20:17:37
31/32|Запоріжжя-1|Перемишль|@20260927-2017,31/32|Запоріжжя-1|Перемишль|,31/32,Запоріжжя-1,Перемишль,2,ДНІПРО-ГОЛОВНИЙ,15:40,1,fact,32,16:12,,,,2026-09-27 20:17:37,,1,2026-09-27 20:17:37
31/32|Запоріжжя-1|Перемишль|@20260927-2017,31/32|Запоріжжя-1|Перемишль|,31/32,Запоріжжя-1,Перемишль,3,КАМ'ЯНСЬКЕ-ПАС.,16:57,1,fact,51,17:48,,,,2026-09-27 20:17:37,,0,2026-09-27 20:17:37
31/32|Запоріжжя-1|Перемишль|@20260927-2017,31/32|Запоріжжя-1|Перемишль|,31/32,Запоріжжя-1,Перемишль,4,П'ЯТИХАТКИ,17:58,1,fact,69,19:07,,,,2026-09-27 20:17:37,,0,2026-09-27 20:17:37
31/32|Запоріжжя-1|Перемишль|@20260927-2017,31/32|Запоріжжя-1|Перемишль|,31/32,Запоріжжя-1,Перемишль,5,ОЛЕКСАНДРІЯ,19:14,1,passed_no_fact,,,,,,2026-09-27 20:17:37,,0,2026-09-27 20:17:37
31/32|Запоріжжя-1|Перемишль|@20260927-2017,31/32|Запоріжжя-1|Перемишль|,31/32,Запоріжжя-1,Перемишль,6,ЗНАМ'ЯНКА-ПАС.,19:53,0,forecast,,,70,21:03,2026-09-27 20:17:37,,,0,2026-09-27 20:17:37
31/32|Запоріжжя-1|Перемишль|@20260927-2017,31/32|Запоріжжя-1|Перемишль|,31/32,Запоріжжя-1,Перемишль,7,ІМ.ТАРАСА ШЕВЧЕНКА,21:05,0,forecast,,,70,22:15,2026-09-27 20:17:37,,,0,2026-09-27 20:17:37
31/32|Запоріжжя-1|Перемишль|@20260927-2017,31/32|Запоріжжя-1|Перемишль|,31/32,Запоріжжя-1,Перемишль,8,БІЛА ЦЕРКВА,23:15,0,forecast,,,70,00:25,2026-09-27 20:17:37,,,0,2026-09-27 20:17:37
31/32|Запоріжжя-1|Перемишль|@20260927-2017,31/32|Запоріжжя-1|Перемишль|,31/32,Запоріжжя-1,Перемишль,9,БЕРДИЧІВ,01:25,0,forecast,,,70,02:35,2026-09-27 20:17:37,,,0,2026-09-27 20:17:37
31/32|Запоріжжя-1|Перемишль|@20260927-2017,31/32|Запоріжжя-1|Перемишль|,31/32,Запоріжжя-1,Перемишль,10,ЛЬВІВ,05:47,0,forecast,,,70,06:57,2026-09-27 20:17:37,,,1,2026-09-27 20:17:37
31/32|Запоріжжя-1|Перемишль|@20260927-2017,31/32|Запоріжжя-1|Перемишль|,31/32,Запоріжжя-1,Перемишль,11,ПЕРЕМИШЛЬ,09:19,0,forecast,,,70,10:29,2026-09-27 20:17:37,,,0,2026-09-27 20:17:37
353/354|Київ-Пас.|Кишинеу|@20260927-2017,353/354|Київ-Пас.|Кишинеу|,353/354,Київ-Пас.,Кишинеу,0,КИЇВ-ПАС.,,1,passed_no_fact,,,,,,2026-09-27 20:17:37,,1,2026-09-27 20:17:37
353/354|Київ-Пас.|Кишинеу|@20260927-2017,353/354|Київ-Пас.|Кишинеу|,353/354,Київ-Пас.,Кишинеу,1,КИЇВ-ВОЛИНСЬКИЙ,16:50,1,fact,1,16:51,,,,2026-09-27 20:17:37,,1,2026-09-27 20:17:37
353/354|Київ-Пас.|Кишинеу|@20260927-2017,353/354|Київ-Пас.|Кишинеу|,353/354,Київ-Пас.,Кишинеу,2,КОЗЯТИН-1,18:27,1,fact,79,19:46,,,,2026-09-27 20:17:37,,0,2026-09-27 20:17:37
353/354|Київ-Пас.|Кишинеу|@20260927-2017,353/354|Київ-Пас.|Кишинеу|,353/354,Київ-Пас.,Кишинеу,3,ВІННИЦЯ,19:13,1,passed_no_fact,,,,,,2026-09-27 20:17:37,,0,2026-09-27 20:17:37
353/354|Київ-Пас.|Кишинеу|@20260927-2017,353/354|Київ-Пас.|Кишинеу|,353/354,Київ-Пас.,Кишинеу,4,ЖМЕРИНКА-ПАС.,19:53,0,forecast,,,79,21:12,2026-09-27 20:17:37,,,0,2026-09-27 20:17:37
353/354|Київ-Пас.|Кишинеу|@20260927-2017,353/354|Київ-Пас.|Кишинеу|,353/354,Київ-Пас.,Кишинеу,5,БАР,20:49,0,forecast,,,79,22:08,2026-09-27 20:17:37,,,0,2026-09-27 20:17:37
353/354|Київ-Пас.|Кишинеу|@20260927-2017,353/354|Київ-Пас.|Кишинеу|,353/354,Київ-Пас.,Кишинеу,6,МОГИЛІВ-ПОДІЛЬСЬКИЙ,22:26,0,forecast,,,79,23:45,2026-09-27 20:17:37,,,0,2026-09-27 20:17:37
353/354|Київ-Пас.|Кишинеу|@20260927-2017,353/354|Київ-Пас.|Кишинеу|,353/354,Київ-Пас.,Кишинеу,7,БЕЛЬЦЬ ОРАШ,05:14,0,forecast,,,79,06:33,2026-09-27 20:17:37,,,0,2026-09-27 20:17:37
353/354|Київ-Пас.|Кишинеу|@20260927-2017,353/354|Київ-Пас.|Кишинеу|,353/354,Київ-Пас.,Кишинеу,8,КИШИНЕУ,10:04,0,forecast,,,79,11:23,2026-09-27 20:17:37,,,0,2026-09-27 20:17:37
41/42|Трускавець|Дніпро-Головний|@20260927-2017,41/42|Трускавець|Дніпро-Головний|,41/42,Трускавець,Дніпро-Головний,0,ТРУСКАВЕЦЬ,,1,fact,1,,,,,2026-09-27 20:17:37,,0,2026-09-27 20:17:37
41/42|Трускавець|Дніпро-Головний|@20260927-2017,41/42|Трускавець|Дніпро-Головний|,41/42,Трускавець,Дніпро-Головний,1,ДРОГОБИЧ,14:19,1,fact,1,14:20,,,,2026-09-27 20:17:37,,0,2026-09-27 20:17:37
41/42|Трускавець|Дніпро-Головний|@20260927-2017,41/42|Трускавець|Дніпро-Головний|,41/42,Трускавець,Дніпро-Головний,2,ЛЬВІВ,16:10,1,fact,1,16:10,,,,2026-09-27 20:17:37,,1,2026-09-27 20:17:37
41/42|Трускавець|Дніпро-Головний|@20260927-2017,41/42|Трускавець|Дніпро-Головний|,41/42,Трускавець,Дніпро-Головний,3,ПІДЗАМЧЕ,16:52,1,fact,-1,16:51,,,,2026-09-27 20:17:37,,0,2026-09-27 20:17:37
41/42|Трускавець|Дніпро-Головний|@20260927-2017,41/42|Трускавець|Дніпро-Головний|,41/42,Трускавець,Дніпро-Головний,4,КРАСНЕ,17:23,1,fact,1,17:23,,,,2026-09-27 20:17:37,,0,2026-09-27 20:17:37
41/42|Трускавець|Дніпро-Головний|@20260927-2017,41/42|Трускавець|Дніпро-Головний|,41/42,Трускавець,Дніпро-Головний,5,ЗЛОЧІВ,17:47,1,fact,1,17:47,,,,2026-09-27 20:17:37,,0,2026-09-27 20:17:37
41/42|Трускавець|Дніпро-Головний|@20260927-2017,41/42|Трускавець|Дніпро-Головний|,41/42,Трускавець,Дніпро-Головний,6,ТЕРНОПІЛЬ-ПАС.,18:42,1,passed_no_fact,,,,,,2026-09-27 20:17:37,,0,2026-09-27 20:17:37
41/42|Трускавець|Дніпро-Головний|@20260927-2017,41/42|Трускавець|Дніпро-Головний|,41/42,Трускавець,Дніпро-Головний,7,ПІДВОЛОЧИСЬК,19:32,1,passed_no_fact,,,,,,2026-09-27 20:17:37,,0,2026-09-27 20:17:37
41/42|Трускавець|Дніпро-Головний|@20260927-2017,41/42|Трускавець|Дніпро-Головний|,41/42,Трускавець,Дніпро-Головний,8,ВОЛОЧИСЬК,19:43,1,passed_no_fact,,,,,,2026-09-27 20:17:37,,0,2026-09-27 20:17:37
41/42|Трускавець|Дніпро-Головний|@20260927-2017,41/42|Трускавець|Дніпро-Головний|,41/42,Трускавець,Дніпро-Головний,9,ХМЕЛЬНИЦЬКИЙ,20:33,0,forecast,,,120,22:33,2026-09-27 20:17:37,,,0,2026-09-27 20:17:37
41/42|Трускавець|Дніпро-Головний|@20260927-2017,41/42|Трускавець|Дніпро-Головний|,41/42,Трускавець,Дніпро-Головний,10,БРАЇЛІВ,22:05,0,forecast,,,120,00:05,2026-09-27 20:17:37,,,0,2026-09-27 20:17:37
41/42|Трускавець|Дніпро-Головний|@20260927-2017,41/42|Трускавець|Дніпро-Головний|,41/42,Трускавець,Дніпро-Головний,11,ВІННИЦЯ,22:38,0,forecast,,,120,00:38,2026-09-27 20:17:37,,,0,2026-09-27 20:17:37
41/42|Трускавець|Дніпро-Головний|@20260927-2017,41/42|Трускавець|Дніпро-Головний|,41/42,Трускавець,Дніпро-Головний,12,КАЛИНІВКА-1,23:04,0,forecast,,,120,01:04,2026-09-27 20:17:37,,,0,2026-09-27 20:17:37
41/42|Трускавець|Дніпро-Головний|@20260927-2017,41/42|Трускавець|Дніпро-Головний|,41/42,Трускавець,Дніпро-Головний,13,КОЗЯТИН-1,23:41,0,forecast,,,120,01:41,2026-09-27 20:17:37,,,0,2026-09-27 20:17:37
41/42|Трускавець|Дніпро-Головний|@20260927-2017,41/42|Трускавець|Дніпро-Головний|,41/42,Трускавець,Дніпро-Головний,14,БІЛА ЦЕРКВА,01:29,0,forecast,,,120,03:29,2026-09-27 20:17:37,,,0,2026-09-27 20:17:37
41/42|Трускавець|Дніпро-Головний|@20260927-2017,41/42|Трускавець|Дніпро-Головний|,41/42,Трускавець,Дніпро-Головний,15,МИРОНІВКА,02:29,0,forecast,,,120,04:29,2026-09-27 20:17:37,,,0,2026-09-27 20:17:37
41/42|Трускавець|Дніпро-Головний|@20260927-2017,41/42|Трускавець|Дніпро-Головний|,41/42,Трускавець,Дніпро-Головний,16,КОРСУНЬ,02:57,0,forecast,,,120,04:57,2026-09-27 20:17:37,,,0,2026-09-27 20:17:37
41/42|Трускавець|Дніпро-Головний|@20260927-2017,41/42|Трускавець|Дніпро-Головний|,41/42,Трускавець,Дніпро-Головний,17,ГОРОДИЩЕ,03:18,0,forecast,,,120,05:18,2026-09-27 20:17:37,,,0,2026-09-27 20:17:37
41/42|Трускавець|Дніпро-Головний|@20260927-2017,41/42|Трускавець|Дніпро-Головний|,41/42,Трускавець,Дніпро-Головний,18,ІМ.ТАРАСА ШЕВЧЕНКА,03:56,0,forecast,,,120,05:56,2026-09-27 20:17:37,,,0,2026-09-27 20:17:37
41/42|Трускавець|Дніпро-Головний|@20260927-2017,41/42|Трускавець|Дніпро-Головний|,41/42,Трускавець,Дніпро-Головний,19,КАМ'ЯНКА,04:30,0,forecast,,,120,06:30,2026-09-27 20:17:37,,,0,2026-09-27 20:17:37
41/42|Трускавець|Дніпро-Головний|@20260927-2017,41/42|Трускавець|Дніпро-Головний|,41/42,Трускавець,Дніпро-Головний,20,ФУНДУКЛІЇВКА,04:46,0,forecast,,,120,06:46,2026-09-27 20:17:37,,,0,2026-09-27 20:17:37
41/42|Трускавець|Дніпро-Головний|@20260927-2017,41/42|Трускавець|Дніпро-Головний|,41/42,Трускавець,Дніпро-Головний,21,ЗНАМ'ЯНКА-ПАС.,05:30,0,forecast,,,120,07:30,2026-09-27 20:17:37,,,0,2026-09-27 20:17:37
41/42|Трускавець|Дніпро-Головний|@20260927-2017,41/42|Трускавець|Дніпро-Головний|,41/42,Трускавець,Дніпро-Головний,22,КОРИСТІВКА,06:03,0,forecast,,,120,08:03,2026-09-27 20:17:37,,,0,2026-09-27 20:17:37
41/42|Трускавець|Дніпро-Головний|@20260927-2017,41/42|Трускавець|Дніпро-Головний|,41/42,Трускавець,Дніпро-Головний,23,ОЛЕКСАНДРІЯ,06:16,0,forecast,,,120,08:16,2026-09-27 20:17:37,,,0,2026-09-27 20:17:37
41/42|Трускавець|Дніпро-Головний|@20260927-2017,41/42|Трускавець|Дніпро-Головний|,41/42,Трускавець,Дніпро-Головний,24,П'ЯТИХАТКИ,07:36,0,forecast,,,120,09:36,2026-09-27 20:17:37,,,0,2026-09-27 20:17:37
41/42|Трускавець|Дніпро-Головний|@20260927-2017,41/42|Трускавець|Дніпро-Головний|,41/42,Трускавець,Дніпро-Головний,25,ВІЛЬНОГІРСЬК,07:59,0,forecast,,,120,09:59,2026-09-27 20:17:37,,,0,2026-09-27 20:17:37
41/42|Трускавець|Дніпро-Головний|@20260927-2017,41/42|Трускавець|Дніпро-Головний|,41/42,Трускавець,Дніпро-Головний,26,ВЕРХНЬОДНІПРОВСЬК,08:27,0,forecast,,,120,10:27,2026-09-27 20:17:37,,,1,2026-09-27 20:17:37
41/42|Трускавець|Дніпро-Головний|@20260927-2017,41/42|Трускавець|Дніпро-Головний|,41/42,Трускавець,Дніпро-Головний,27,КАМ'ЯНСЬКЕ-ПАС.,08:46,0,forecast,,,120,10:46,2026-09-27 20:17:37,,,0,2026-09-27 20:17:37
41/42|Трускавець|Дніпро-Головний|@20260927-2017,41/42|Трускавець|Дніпро-Головний|,41/42,Трускавець,Дніпро-Головний,28,ДНІПРО-ГОЛОВНИЙ,09:20,0,forecast,,,120,11:20,2026-09-27 20:17:37,,,1,2026-09-27 20:17:37
5/6|Запоріжжя-1|Ясіня|@20260927-2017,5/6|Запоріжжя-1|Ясіня|,5/6,Запоріжжя-1,Ясіня,0,ЗАПОРІЖЖЯ-1,13:55,1,passed_no_fact,,,,,,2026-09-27 20:17:37,,0,2026-09-27 20:17:37
5/6|Запоріжжя-1|Ясіня|@20260927-2017,5/6|Запоріжжя-1|Ясіня|,5/6,Запоріжжя-1,Ясіня,1,СИНЕЛЬНИКОВЕ-1,14:52,1,passed_no_fact,,,,,,2026-09-27 20:17:37,,0,2026-09-27 20:17:37
5/6|Запоріжжя-1|Ясіня|@20260927-2017,5/6|Запоріжжя-1|Ясіня|,5/6,Запоріжжя-1,Ясіня,2,ДНІПРО-ГОЛОВНИЙ,15:40,1,fact,51,16:31,,,,2026-09-27 20:17:37,,1,2026-09-27 20:17:37
5/6|Запоріжжя-1|Ясіня|@20260927-2017,5/6|Запоріжжя-1|Ясіня|,5/6,Запоріжжя-1,Ясіня,3,КАМ'ЯНСЬКЕ-ПАС.,16:30,1,fact,57,17:27,,,,2026-09-27 20:17:37,,0,2026-09-27 20:17:37
5/6|Запоріжжя-1|Ясіня|@20260927-2017,5/6|Запоріжжя-1|Ясіня|,5/6,Запоріжжя-1,Ясіня,4,П'ЯТИХАТКИ,17:48,1,fact,64,18:52,,,,2026-09-27 20:17:37,,0,2026-09-27 20:17:37
5/6|Запоріжжя-1|Ясіня|@20260927-2017,5/6|Запоріжжя-1|Ясіня|,5/6,Запоріжжя-1,Ясіня,5,ОЛЕКСАНДРІЯ,19:05,1,fact,64,20:09,,,,2026-09-27 20:17:37,,0,2026-09-27 20:17:37
5/6|Запоріжжя-1|Ясіня|@20260927-2017,5/6|Запоріжжя-1|Ясіня|,5/6,Запоріжжя-1,Ясіня,6,ЗНАМ'ЯНКА-ПАС.,19:46,0,forecast,,,58,20:44,2026-09-27 20:17:37,,,0,2026-09-27 20:17:37
5/6|Запоріжжя-1|Ясіня|@20260927-2017,5/6|Запоріжжя-1|Ясіня|,5/6,Запоріжжя-1,Ясіня,7,ІМ.ТАРАСА ШЕВЧЕНКА,21:18,0,forecast,,,58,22:16,2026-09-27 20:17:37,,,0,2026-09-27 20:17:37
5/6|Запоріжжя-1|Ясіня|@20260927-2017,5/6|Запоріжжя-1|Ясіня|,5/6,Запоріжжя-1,Ясіня,8,БІЛА ЦЕРКВА,23:41,0,forecast,,,58,00:39,2026-09-27 20:17:37,,,0,2026-09-27 20:17:37
5/6|Запоріжжя-1|Ясіня|@20260927-2017,5/6|Запоріжжя-1|Ясіня|,5/6,Запоріжжя-1,Ясіня,9,БЕРДИЧІВ,01:45,0,forecast,,,58,02:43,2026-09-27 20:17:37,,,0,2026-09-27 20:17:37
5/6|Запоріжжя-1|Ясіня|@20260927-2017,5/6|Запоріжжя-1|Ясіня|,5/6,Запоріжжя-1,Ясіня,10,ЛЬВІВ,06:02,0,forecast,,,58,07:00,2026-09-27 20:17:37,,,1,2026-09-27 20:17:37
5/6|Запоріжжя-1|Ясіня|@20260927-2017,5/6|Запоріжжя-1|Ясіня|,5/6,Запоріжжя-1,Ясіня,11,ІВАНО-ФРАНКІВСЬК,08:47,0,forecast,,,58,09:45,2026-09-27 20:17:37,,,0,2026-09-27 20:17:37
5/6|Запоріжжя-1|Ясіня|@20260927-2017,5/6|Запоріжжя-1|Ясіня|,5/6,Запоріжжя-1,Ясіня,12,ЯРЕМЧЕ,10:37,0,forecast,,,58,11:35,2026-09-27 20:17:37,,,0,2026-09-27 20:17:37
5/6|Запоріжжя-1|Ясіня|@20260927-2017,5/6|Запоріжжя-1|Ясіня|,5/6,Запоріжжя-1,Ясіня,13,ТАТАРІВ-БУКОВЕЛЬ,11:14,0,forecast,,,58,12:12,2026-09-27 20:17:37,,,0,2026-09-27 20:17:37
5/6|Запоріжжя-1|Ясіня|@20260927-2017,5/6|Запоріжжя-1|Ясіня|,5/6,Запоріжжя-1,Ясіня,14,ВОРОХТА,11:28,0,forecast,,,58,12:26,2026-09-27 20:17:37,,,0,2026-09-27 20:17:37
5/6|Запоріжжя-1|Ясіня|@20260927-2017,5/6|Запоріжжя-1|Ясіня|,5/6,Запоріжжя-1,Ясіня,15,ЯСІНЯ,12:08,0,forecast,,,58,13:06,2026-09-27 20:17:37,,,0,2026-09-27 20:17:37
55/55|Київ-Пас.|Рахів|27.09@20260927-2017,55/55|Київ-Пас.|Рахів|27.09,55/55,Київ-Пас.,Рахів,0,КИЇВ-ПАС.,,1,fact,99,,,,,2026-09-27 20:17:37,,1,2026-09-27 20:17:37
55/55|Київ-Пас.|Рахів|27.09@20260927-2017,55/55|Київ-Пас.|Рахів|27.09,55/55,Київ-Пас.,Рахів,1,ФАСТІВ-1,17:55,1,fact,110,19:45,,,,2026-09-27 20:17:37,,0,2026-09-27 20:17:37
55/55|Київ-Пас.|Рахів|27.09@20260927-2017,55/55|Київ-Пас.|Рахів|27.09,55/55,Київ-Пас.,Рахів,2,КОЗЯТИН-1,19:00,1,passed_no_fact,,,,,,2026-09-27 20:17:37,,0,2026-09-27 20:17:37
55/55|Київ-Пас.|Рахів|27.09@20260927-2017,55/55|Київ-Пас.|Рахів|27.09,55/55,Київ-Пас.,Рахів,3,КАЛИНІВКА-1,19:32,1,passed_no_fact,,,,,,2026-09-27 20:17:37,,0,2026-09-27 20:17:37
55/55|Київ-Пас.|Рахів|27.09@20260927-2017,55/55|Київ-Пас.|Рахів|27.09,55/55,Київ-Пас.,Рахів,4,ВІННИЦЯ,19:52,0,forecast,,,114,21:46,2026-09-27 20:17:37,,,0,2026-09-27 20:17:37
55/55|Київ-Пас.|Рахів|27.09@20260927-2017,55/55|Київ-Пас.|Рахів|27.09,55/55,Київ-Пас.,Рахів,5,ХМЕЛЬНИЦЬКИЙ,21:40,0,forecast,,,114,23:34,2026-09-27 20:17:37,,,0,2026-09-27 20:17:37
55/55|Київ-Пас.|Рахів|27.09@20260927-2017,55/55|Київ-Пас.|Рахів|27.09,55/55,Київ-Пас.,Рахів,6,ТЕРНОПІЛЬ-ПАС.,23:30,0,forecast,,,114,01:24,2026-09-27 20:17:37,,,0,2026-09-27 20:17:37
55/55|Київ-Пас.|Рахів|27.09@20260927-2017,55/55|Київ-Пас.|Рахів|27.09,55/55,Київ-Пас.,Рахів,7,ЗЛОЧІВ,00:27,0,forecast,,,114,02:21,2026-09-27 20:17:37,,,0,2026-09-27 20:17:37
55/55|Київ-Пас.|Рахів|27.09@20260927-2017,55/55|Київ-Пас.|Рахів|27.09,55/55,Київ-Пас.,Рахів,8,ЛЬВІВ,01:28,0,forecast,,,114,03:22,2026-09-27 20:17:37,,,1,2026-09-27 20:17:37
55/55|Київ-Пас.|Рахів|27.09@20260927-2017,55/55|Київ-Пас.|Рахів|27.09,55/55,Київ-Пас.,Рахів,9,ІВАНО-ФРАНКІВСЬК,04:00,0,forecast,,,114,05:54,2026-09-27 20:17:37,,,0,2026-09-27 20:17:37
55/55|Київ-Пас.|Рахів|27.09@20260927-2017,55/55|Київ-Пас.|Рахів|27.09,55/55,Київ-Пас.,Рахів,10,НАДВІРНА,04:48,0,forecast,,,114,06:42,2026-09-27 20:17:37,,,0,2026-09-27 20:17:37
55/55|Київ-Пас.|Рахів|27.09@20260927-2017,55/55|Київ-Пас.|Рахів|27.09,55/55,Київ-Пас.,Рахів,11,ЯРЕМЧЕ,05:22,0,forecast,,,114,07:16,2026-09-27 20:17:37,,,0,2026-09-27 20:17:37
55/55|Київ-Пас.|Рахів|27.09@20260927-2017,55/55|Київ-Пас.|Рахів|27.09,55/55,Київ-Пас.,Рахів,12,ТАТАРІВ-БУКОВЕЛЬ,05:49,0,forecast,,,114,07:43,2026-09-27 20:17:37,,,0,2026-09-27 20:17:37
55/55|Київ-Пас.|Рахів|27.09@20260927-2017,55/55|Київ-Пас.|Рахів|27.09,55/55,Київ-Пас.,Рахів,13,ВОРОХТА,06:04,0,forecast,,,114,07:58,2026-09-27 20:17:37,,,0,2026-09-27 20:17:37
55/55|Київ-Пас.|Рахів|27.09@20260927-2017,55/55|Київ-Пас.|Рахів|27.09,55/55,Київ-Пас.,Рахів,14,ВОРОНЕНКО,06:18,0,forecast,,,114,08:12,2026-09-27 20:17:37,,,0,2026-09-27 20:17:37
55/55|Київ-Пас.|Рахів|27.09@20260927-2017,55/55|Київ-Пас.|Рахів|27.09,55/55,Київ-Пас.,Рахів,15,ЛАЗЕЩИНА,06:34,0,forecast,,,114,08:28,2026-09-27 20:17:37,,,0,2026-09-27 20:17:37
55/55|Київ-Пас.|Рахів|27.09@20260927-2017,55/55|Київ-Пас.|Рахів|27.09,55/55,Київ-Пас.,Рахів,16,ЯСІНЯ,06:45,0,forecast,,,114,08:39,2026-09-27 20:17:37,,,0,2026-09-27 20:17:37
55/55|Київ-Пас.|Рахів|27.09@20260927-2017,55/55|Київ-Пас.|Рахів|27.09,55/55,Київ-Пас.,Рахів,17,КВАСИ,07:10,0,forecast,,,114,09:04,2026-09-27 20:17:37,,,0,2026-09-27 20:17:37
55/55|Київ-Пас.|Рахів|27.09@20260927-2017,55/55|Київ-Пас.|Рахів|27.09,55/55,Київ-Пас.,Рахів,18,РАХІВ,07:32,0,forecast,,,114,09:26,2026-09-27 20:17:37,,,0,2026-09-27 20:17:37
61/62|Дніпро-Головний|Івано-Франківськ|@20260927-2017,61/62|Дніпро-Головний|Івано-Франківськ|,61/62,Дніпро-Головний,Івано-Франківськ,0,ДНІПРО-ГОЛОВНИЙ,,1,passed_no_fact,,,,,,2026-09-27 20:17:37,,1,2026-09-27 20:17:37
61/62|Дніпро-Головний|Івано-Франківськ|@20260927-2017,61/62|Дніпро-Головний|Івано-Франківськ|,61/62,Дніпро-Головний,Івано-Франківськ,1,КАМ'ЯНСЬКЕ-ПАС.,15:32,1,fact,8,15:40,,,,2026-09-27 20:17:37,,0,2026-09-27 20:17:37
61/62|Дніпро-Головний|Івано-Франківськ|@20260927-2017,61/62|Дніпро-Головний|Івано-Франківськ|,61/62,Дніпро-Головний,Івано-Франківськ,2,ВЕРХНЬОДНІПРОВСЬК,15:51,1,fact,11,16:02,,,,2026-09-27 20:17:37,,1,2026-09-27 20:17:37
61/62|Дніпро-Головний|Івано-Франківськ|@20260927-2017,61/62|Дніпро-Головний|Івано-Франківськ|,61/62,Дніпро-Головний,Івано-Франківськ,3,ВІЛЬНОГІРСЬК,16:17,1,fact,16,16:33,,,,2026-09-27 20:17:37,,0,2026-09-27 20:17:37
61/62|Дніпро-Головний|Івано-Франківськ|@20260927-2017,61/62|Дніпро-Головний|Івано-Франківськ|,61/62,Дніпро-Головний,Івано-Франківськ,4,П'ЯТИХАТКИ,16:40,1,fact,21,17:01,,,,2026-09-27 20:17:37,,0,2026-09-27 20:17:37
61/62|Дніпро-Головний|Івано-Франківськ|@20260927-2017,61/62|Дніпро-Головний|Івано-Франківськ|,61/62,Дніпро-Головний,Івано-Франківськ,5,ОЛЕКСАНДРІЯ,17:57,1,fact,19,18:16,,,,2026-09-27 20:17:37,,0,2026-09-27 20:17:37
61/62|Дніпро-Головний|Івано-Франківськ|@20260927-2017,61/62|Дніпро-Головний|Івано-Франківськ|,61/62,Дніпро-Головний,Івано-Франківськ,6,КОРИСТІВКА,18:10,1,fact,20,18:30,,,,2026-09-27 20:17:37,,0,2026-09-27 20:17:37
61/62|Дніпро-Головний|Івано-Франківськ|@20260927-2017,61/62|Дніпро-Головний|Івано-Франківськ|,61/62,Дніпро-Головний,Івано-Франківськ,7,ЗНАМ'ЯНКА-ПАС.,18:38,1,fact,31,19:09,,,,2026-09-27 20:17:37,,0,2026-09-27 20:17:37
61/62|Дніпро-Головний|Івано-Франківськ|@20260927-2017,61/62|Дніпро-Головний|Івано-Франківськ|,61/62,Дніпро-Головний,Івано-Франківськ,8,ІМ.ТАРАСА ШЕВЧЕНКА,19:50,0,forecast,,,32,20:22,2026-09-27 20:17:37,,,0,2026-09-27 20:17:37
61/62|Дніпро-Головний|Івано-Франківськ|@20260927-2017,61/62|Дніпро-Головний|Івано-Франківськ|,61/62,Дніпро-Головний,Івано-Франківськ,9,БІЛА ЦЕРКВА,22:26,0,forecast,,,32,22:58,2026-09-27 20:17:37,,,0,2026-09-27 20:17:37
61/62|Дніпро-Головний|Івано-Франківськ|@20260927-2017,61/62|Дніпро-Головний|Івано-Франківськ|,61/62,Дніпро-Головний,Івано-Франківськ,10,ЛЬВІВ,04:50,0,forecast,,,32,05:22,2026-09-27 20:17:37,,,1,2026-09-27 20:17:37
61/62|Дніпро-Головний|Івано-Франківськ|@20260927-2017,61/62|Дніпро-Головний|Івано-Франківськ|,61/62,Дніпро-Головний,Івано-Франківськ,11,ХОДОРІВ,06:12,0,forecast,,,32,06:44,2026-09-27 20:17:37,,,0,2026-09-27 20:17:37
61/62|Дніпро-Головний|Івано-Франківськ|@20260927-2017,61/62|Дніпро-Головний|Івано-Франківськ|,61/62,Дніпро-Головний,Івано-Франківськ,12,ІВАНО-ФРАНКІВСЬК,07:21,0,forecast,,,32,07:53,2026-09-27 20:17:37,,,0,2026-09-27 20:17:37
63/64|Перемишль|Харків-Пас.|@20260927-2017,63/64|Перемишль|Харків-Пас.|,63/64,Перемишль,Харків-Пас.,0,ПЕРЕМИШЛЬ,,1,fact,32,,,,,2026-09-27 20:17:37,,0,2026-09-27 20:17:37
63/64|Перемишль|Харків-Пас.|@20260927-2017,63/64|Перемишль|Харків-Пас.|,63/64,Перемишль,Харків-Пас.,1,ЛЬВІВ,14:13,1,fact,24,14:37,,,,2026-09-27 20:17:37,,1,2026-09-27 20:17:37
63/64|Перемишль|Харків-Пас.|@20260927-2017,63/64|Перемишль|Харків-Пас.|,63/64,Перемишль,Харків-Пас.,2,СЛАВУТА-1,17:14,1,fact,42,17:56,,,,2026-09-27 20:17:37,,0,2026-09-27 20:17:37
63/64|Перемишль|Харків-Пас.|@20260927-2017,63/64|Перемишль|Харків-Пас.|,63/64,Перемишль,Харків-Пас.,3,КИЇВ-ПАС.,20:57,0,forecast,,,56,21:53,2026-09-27 20:17:37,,,1,2026-09-27 20:17:37
63/64|Перемишль|Харків-Пас.|@20260927-2017,63/64|Перемишль|Харків-Пас.|,63/64,Перемишль,Харків-Пас.,4,ДАРНИЦЯ,22:17,0,forecast,,,56,23:13,2026-09-27 20:17:37,,,0,2026-09-27 20:17:37
63/64|Перемишль|Харків-Пас.|@20260927-2017,63/64|Перемишль|Харків-Пас.|,63/64,Перемишль,Харків-Пас.,5,ГРЕБІНКА,23:45,0,forecast,,,56,00:41,2026-09-27 20:17:37,,,0,2026-09-27 20:17:37
63/64|Перемишль|Харків-Пас.|@20260927-2017,63/64|Перемишль|Харків-Пас.|,63/64,Перемишль,Харків-Пас.,6,РОМОДАН,00:54,0,forecast,,,56,01:50,2026-09-27 20:17:37,,,0,2026-09-27 20:17:37
63/64|Перемишль|Харків-Пас.|@20260927-2017,63/64|Перемишль|Харків-Пас.|,63/64,Перемишль,Харків-Пас.,7,МИРГОРОД,01:24,0,forecast,,,56,02:20,2026-09-27 20:17:37,,,0,2026-09-27 20:17:37
63/64|Перемишль|Харків-Пас.|@20260927-2017,63/64|Перемишль|Харків-Пас.|,63/64,Перемишль,Харків-Пас.,8,ПОЛТАВА-КИЇВСЬКА,03:23,0,forecast,,,56,04:19,2026-09-27 20:17:37,,,1,2026-09-27 20:17:37
63/64|Перемишль|Харків-Пас.|@20260927-2017,63/64|Перемишль|Харків-Пас.|,63/64,Перемишль,Харків-Пас.,9,ЛЮБОТИН,05:31,0,forecast,,,56,06:27,2026-09-27 20:17:37,,,0,2026-09-27 20:17:37
63/64|Перемишль|Харків-Пас.|@20260927-2017,63/64|Перемишль|Харків-Пас.|,63/64,Перемишль,Харків-Пас.,10,ХАРКІВ-ПАС.,06:02,0,forecast,,,56,06:58,2026-09-27 20:17:37,,,1,2026-09-27 20:17:37
723/724|Київ-Пас.|Харків-Пас.|@20260927-2017,723/724|Київ-Пас.|Харків-Пас.|,723/724,Київ-Пас.,Харків-Пас.,0,КИЇВ-ПАС.,,1,fact,11,,,,,2026-09-27 20:17:37,,1,2026-09-27 20:17:37
723/724|Київ-Пас.|Харків-Пас.|@20260927-2017,723/724|Київ-Пас.|Харків-Пас.|,723/724,Київ-Пас.,Харків-Пас.,1,ДАРНИЦЯ,16:18,1,fact,8,16:26,,,,2026-09-27 20:17:37,,0,2026-09-27 20:17:37
723/724|Київ-Пас.|Харків-Пас.|@20260927-2017,723/724|Київ-Пас.|Харків-Пас.|,723/724,Київ-Пас.,Харків-Пас.,2,ЛУБНИ,17:45,1,fact,1,17:46,,,,2026-09-27 20:17:37,,0,2026-09-27 20:17:37
723/724|Київ-Пас.|Харків-Пас.|@20260927-2017,723/724|Київ-Пас.|Харків-Пас.|,723/724,Київ-Пас.,Харків-Пас.,3,РОМОДАН,18:07,1,fact,-1,18:06,,,,2026-09-27 20:17:37,,0,2026-09-27 20:17:37
723/724|Київ-Пас.|Харків-Пас.|@20260927-2017,723/724|Київ-Пас.|Харків-Пас.|,723/724,Київ-Пас.,Харків-Пас.,4,МИРГОРОД,18:25,1,passed_no_fact,,,,,,2026-09-27 20:17:37,,0,2026-09-27 20:17:37
723/724|Київ-Пас.|Харків-Пас.|@20260927-2017,723/724|Київ-Пас.|Харків-Пас.|,723/724,Київ-Пас.,Харків-Пас.,5,ПОЛТАВА-КИЇВСЬКА,19:24,1,passed_no_fact,,,,,,2026-09-27 20:17:37,,1,2026-09-27 20:17:37
723/724|Київ-Пас.|Харків-Пас.|@20260927-2017,723/724|Київ-Пас.|Харків-Пас.|,723/724,Київ-Пас.,Харків-Пас.,6,ХАРКІВ-ПАС.,21:03,0,forecast,,,120,23:03,2026-09-27 20:17:37,,,1,2026-09-27 20:17:37
723/724|Харків-Пас.|Київ-Пас.|@20260927-2017,723/724|Харків-Пас.|Київ-Пас.|,723/724,Харків-Пас.,Київ-Пас.,0,ХАРКІВ-ПАС.,,1,passed_no_fact,,,,,,2026-09-27 20:17:37,,1,2026-09-27 20:17:37
723/724|Харків-Пас.|Київ-Пас.|@20260927-2017,723/724|Харків-Пас.|Київ-Пас.|,723/724,Харків-Пас.,Київ-Пас.,1,ПОЛТАВА-КИЇВСЬКА,16:13,1,passed_no_fact,,,,,,2026-09-27 20:17:37,,1,2026-09-27 20:17:37
723/724|Харків-Пас.|Київ-Пас.|@20260927-2017,723/724|Харків-Пас.|Київ-Пас.|,723/724,Харків-Пас.,Київ-Пас.,2,МИРГОРОД,17:07,1,fact,-1,17:06,,,,2026-09-27 20:17:37,,0,2026-09-27 20:17:37
723/724|Харків-Пас.|Київ-Пас.|@20260927-2017,723/724|Харків-Пас.|Київ-Пас.|,723/724,Харків-Пас.,Київ-Пас.,3,КИБИНЦІ,17:16,1,fact,166,20:03,,,,2026-09-27 20:17:37,,0,2026-09-27 20:17:37
723/724|Харків-Пас.|Київ-Пас.|@20260927-2017,723/724|Харків-Пас.|Київ-Пас.|,723/724,Харків-Пас.,Київ-Пас.,4,РОМОДАН,17:25,0,forecast,,,150,19:55,2026-09-27 20:17:37,,,0,2026-09-27 20:17:37
723/724|Харків-Пас.|Київ-Пас.|@20260927-2017,723/724|Харків-Пас.|Київ-Пас.|,723/724,Харків-Пас.,Київ-Пас.,5,ЛУБНИ,17:46,0,forecast,,,150,20:16,2026-09-27 20:17:37,,,0,2026-09-27 20:17:37
723/724|Харків-Пас.|Київ-Пас.|@20260927-2017,723/724|Харків-Пас.|Київ-Пас.|,723/724,Харків-Пас.,Київ-Пас.,6,ГРЕБІНКА,18:09,0,forecast,,,150,20:39,2026-09-27 20:17:37,,,0,2026-09-27 20:17:37
723/724|Харків-Пас.|Київ-Пас.|@20260927-2017,723/724|Харків-Пас.|Київ-Пас.|,723/724,Харків-Пас.,Київ-Пас.,7,ДАРНИЦЯ,19:09,0,forecast,,,150,21:39,2026-09-27 20:17:37,,,0,2026-09-27 20:17:37
723/724|Харків-Пас.|Київ-Пас.|@20260927-2017,723/724|Харків-Пас.|Київ-Пас.|,723/724,Харків-Пас.,Київ-Пас.,8,КИЇВ-ПАС.,19:32,0,forecast,,,150,22:02,2026-09-27 20:17:37,,,1,2026-09-27 20:17:37
733/734|Київ-Пас.|Дніпро-Головний|@20260927-2017,733/734|Київ-Пас.|Дніпро-Головний|,733/734,Київ-Пас.,Дніпро-Головний,0,КИЇВ-ПАС.,,1,passed_no_fact,,,,,,2026-09-27 20:17:37,,1,2026-09-27 20:17:37
733/734|Київ-Пас.|Дніпро-Головний|@20260927-2017,733/734|Київ-Пас.|Дніпро-Головний|,733/734,Київ-Пас.,Дніпро-Головний,1,ІМ.ТАРАСА ШЕВЧЕНКА,18:25,1,fact,35,19:00,,,,2026-09-27 20:17:37,,0,2026-09-27 20:17:37
733/734|Київ-Пас.|Дніпро-Головний|@20260927-2017,733/734|Київ-Пас.|Дніпро-Головний|,733/734,Київ-Пас.,Дніпро-Головний,2,ФУНДУКЛІЇВКА,18:54,1,fact,32,19:26,,,,2026-09-27 20:17:37,,0,2026-09-27 20:17:37
733/734|Київ-Пас.|Дніпро-Головний|@20260927-2017,733/734|Київ-Пас.|Дніпро-Головний|,733/734,Київ-Пас.,Дніпро-Головний,3,ЗНАМ'ЯНКА-ПАС.,19:33,1,passed_no_fact,,,,,,2026-09-27 20:17:37,,0,2026-09-27 20:17:37
733/734|Київ-Пас.|Дніпро-Головний|@20260927-2017,733/734|Київ-Пас.|Дніпро-Головний|,733/734,Київ-Пас.,Дніпро-Головний,4,ОЛЕКСАНДРІЯ,20:07,0,forecast,,,48,20:55,2026-09-27 20:17:37,,,0,2026-09-27 20:17:37
733/734|Київ-Пас.|Дніпро-Головний|@20260927-2017,733/734|Київ-Пас.|Дніпро-Головний|,733/734,Київ-Пас.,Дніпро-Головний,5,П'ЯТИХАТКИ,20:57,0,forecast,,,48,21:45,2026-09-27 20:17:37,,,0,2026-09-27 20:17:37
733/734|Київ-Пас.|Дніпро-Головний|@20260927-2017,733/734|Київ-Пас.|Дніпро-Головний|,733/734,Київ-Пас.,Дніпро-Головний,6,КАМ'ЯНСЬКЕ-ПАС.,21:43,0,forecast,,,48,22:31,2026-09-27 20:17:37,,,0,2026-09-27 20:17:37
733/734|Київ-Пас.|Дніпро-Головний|@20260927-2017,733/734|Київ-Пас.|Дніпро-Головний|,733/734,Київ-Пас.,Дніпро-Головний,7,ДНІПРО-ГОЛОВНИЙ,22:10,0,forecast,,,48,22:58,2026-09-27 20:17:37,,,1,2026-09-27 20:17:37
763/764|Київ-Пас.|Одеса-Головна|@20260927-2017,763/764|Київ-Пас.|Одеса-Головна|,763/764,Київ-Пас.,Одеса-Головна,0,КИЇВ-ПАС.,14:34,1,passed_no_fact,,,,,,2026-09-27 20:17:37,,1,2026-09-27 20:17:37
763/764|Київ-Пас.|Одеса-Головна|@20260927-2017,763/764|Київ-Пас.|Одеса-Головна|,763/764,Київ-Пас.,Одеса-Головна,1,КОЗЯТИН-1,16:15,1,passed_no_fact,,,,,,2026-09-27 20:17:37,,0,2026-09-27 20:17:37
763/764|Київ-Пас.|Одеса-Головна|@20260927-2017,763/764|Київ-Пас.|Одеса-Головна|,763/764,Київ-Пас.,Одеса-Головна,2,КАЛИНІВКА-1,16:45,1,passed_no_fact,,,,,,2026-09-27 20:17:37,,0,2026-09-27 20:17:37
763/764|Київ-Пас.|Одеса-Головна|@20260927-2017,763/764|Київ-Пас.|Одеса-Головна|,763/764,Київ-Пас.,Одеса-Головна,3,ВІННИЦЯ,17:04,1,passed_no_fact,,,,,,2026-09-27 20:17:37,,0,2026-09-27 20:17:37
763/764|Київ-Пас.|Одеса-Головна|@20260927-2017,763/764|Київ-Пас.|Одеса-Головна|,763/764,Київ-Пас.,Одеса-Головна,4,ЖМЕРИНКА-ПАС.,17:41,1,fact,59,18:40,,,,2026-09-27 20:17:37,,0,2026-09-27 20:17:37
763/764|Київ-Пас.|Одеса-Головна|@20260927-2017,763/764|Київ-Пас.|Одеса-Головна|,763/764,Київ-Пас.,Одеса-Головна,5,ВАПНЯРКА,,1,fact,61,,,,,2026-09-27 20:17:37,,0,2026-09-27 20:17:37
763/764|Київ-Пас.|Одеса-Головна|@20260927-2017,763/764|Київ-Пас.|Одеса-Головна|,763/764,Київ-Пас.,Одеса-Головна,6,КОДИМА,19:31,1,passed_no_fact,,,,,,2026-09-27 20:17:37,,0,2026-09-27 20:17:37
763/764|Київ-Пас.|Одеса-Головна|@20260927-2017,763/764|Київ-Пас.|Одеса-Головна|,763/764,Київ-Пас.,Одеса-Головна,7,ПОДІЛЬСЬК,20:12,0,forecast,,,62,21:14,2026-09-27 20:17:37,,,0,2026-09-27 20:17:37
763/764|Київ-Пас.|Одеса-Головна|@20260927-2017,763/764|Київ-Пас.|Одеса-Головна|,763/764,Київ-Пас.,Одеса-Головна,8,ОДЕСА-ГОЛОВНА,22:28,0,forecast,,,62,23:30,2026-09-27 20:17:37,,,1,2026-09-27 20:17:37
773/774|Конотоп-Пас.|Жмеринка-Пас.|27.09@20260927-2017,773/774|Конотоп-Пас.|Жмеринка-Пас.|27.09,773/774,Конотоп-Пас.,Жмеринка-Пас.,0,КОНОТОП-ПАС.,,1,fact,63,,,,,2026-09-27 20:17:37,,0,2026-09-27 20:17:37
773/774|Конотоп-Пас.|Жмеринка-Пас.|27.09@20260927-2017,773/774|Конотоп-Пас.|Жмеринка-Пас.|27.09,773/774,Конотоп-Пас.,Жмеринка-Пас.,1,БАХМАЧ-ПАС.,15:51,1,fact,63,16:54,,,,2026-09-27 20:17:37,,0,2026-09-27 20:17:37
773/774|Конотоп-Пас.|Жмеринка-Пас.|27.09@20260927-2017,773/774|Конотоп-Пас.|Жмеринка-Пас.|27.09,773/774,Конотоп-Пас.,Жмеринка-Пас.,2,БАХМАЧ-КИЇВ.,15:58,1,fact,63,17:01,,,,2026-09-27 20:17:37,,1,2026-09-27 20:17:37
773/774|Конотоп-Пас.|Жмеринка-Пас.|27.09@20260927-2017,773/774|Конотоп-Пас.|Жмеринка-Пас.|27.09,773/774,Конотоп-Пас.,Жмеринка-Пас.,3,ПЛИСКИ,16:21,1,fact,93,17:54,,,,2026-09-27 20:17:37,,0,2026-09-27 20:17:37
773/774|Конотоп-Пас.|Жмеринка-Пас.|27.09@20260927-2017,773/774|Конотоп-Пас.|Жмеринка-Пас.|27.09,773/774,Конотоп-Пас.,Жмеринка-Пас.,4,НІЖИН,16:56,1,fact,84,18:20,,,,2026-09-27 20:17:37,,0,2026-09-27 20:17:37
773/774|Конотоп-Пас.|Жмеринка-Пас.|27.09@20260927-2017,773/774|Конотоп-Пас.|Жмеринка-Пас.|27.09,773/774,Конотоп-Пас.,Жмеринка-Пас.,5,НОСІВКА,17:15,1,fact,85,18:40,,,,2026-09-27 20:17:37,,0,2026-09-27 20:17:37
773/774|Конотоп-Пас.|Жмеринка-Пас.|27.09@20260927-2017,773/774|Конотоп-Пас.|Жмеринка-Пас.|27.09,773/774,Конотоп-Пас.,Жмеринка-Пас.,6,БРОВАРИ,18:06,1,fact,75,19:21,,,,2026-09-27 20:17:37,,0,2026-09-27 20:17:37
773/774|Конотоп-Пас.|Жмеринка-Пас.|27.09@20260927-2017,773/774|Конотоп-Пас.|Жмеринка-Пас.|27.09,773/774,Конотоп-Пас.,Жмеринка-Пас.,7,ДАРНИЦЯ,18:21,1,fact,75,19:36,,,,2026-09-27 20:17:37,,0,2026-09-27 20:17:37
773/774|Конотоп-Пас.|Жмеринка-Пас.|27.09@20260927-2017,773/774|Конотоп-Пас.|Жмеринка-Пас.|27.09,773/774,Конотоп-Пас.,Жмеринка-Пас.,8,ВИДУБИЧІ,18:33,1,passed_no_fact,,,,,,2026-09-27 20:17:37,,0,2026-09-27 20:17:37
773/774|Конотоп-Пас.|Жмеринка-Пас.|27.09@20260927-2017,773/774|Конотоп-Пас.|Жмеринка-Пас.|27.09,773/774,Конотоп-Пас.,Жмеринка-Пас.,9,КИЇВ-ПАС.,18:49,1,fact,69,19:58,,,,2026-09-27 20:17:37,,1,2026-09-27 20:17:37
773/774|Конотоп-Пас.|Жмеринка-Пас.|27.09@20260927-2017,773/774|Конотоп-Пас.|Жмеринка-Пас.|27.09,773/774,Конотоп-Пас.,Жмеринка-Пас.,10,ВИШНЕВЕ,19:24,1,passed_no_fact,,,,,,2026-09-27 20:17:37,,0,2026-09-27 20:17:37
773/774|Конотоп-Пас.|Жмеринка-Пас.|27.09@20260927-2017,773/774|Конотоп-Пас.|Жмеринка-Пас.|27.09,773/774,Конотоп-Пас.,Жмеринка-Пас.,11,ФАСТІВ-1,20:27,0,forecast,,,75,21:42,2026-09-27 20:17:37,,,0,2026-09-27 20:17:37
773/774|Конотоп-Пас.|Жмеринка-Пас.|27.09@20260927-2017,773/774|Конотоп-Пас.|Жмеринка-Пас.|27.09,773/774,Конотоп-Пас.,Жмеринка-Пас.,12,КОЗЯТИН-1,21:34,0,forecast,,,75,22:49,2026-09-27 20:17:37,,,0,2026-09-27 20:17:37
773/774|Конотоп-Пас.|Жмеринка-Пас.|27.09@20260927-2017,773/774|Конотоп-Пас.|Жмеринка-Пас.|27.09,773/774,Конотоп-Пас.,Жмеринка-Пас.,13,КАЛИНІВКА-1,22:09,0,forecast,,,75,23:24,2026-09-27 20:17:37,,,0,2026-09-27 20:17:37
773/774|Конотоп-Пас.|Жмеринка-Пас.|27.09@20260927-2017,773/774|Конотоп-Пас.|Жмеринка-Пас.|27.09,773/774,Конотоп-Пас.,Жмеринка-Пас.,14,ВІННИЦЯ,22:30,0,forecast,,,75,23:45,2026-09-27 20:17:37,,,0,2026-09-27 20:17:37
773/774|Конотоп-Пас.|Жмеринка-Пас.|27.09@20260927-2017,773/774|Конотоп-Пас.|Жмеринка-Пас.|27.09,773/774,Конотоп-Пас.,Жмеринка-Пас.,15,ГНІВАНЬ,22:52,0,forecast,,,75,00:07,2026-09-27 20:17:37,,,0,2026-09-27 20:17:37
773/774|Конотоп-Пас.|Жмеринка-Пас.|27.09@20260927-2017,773/774|Конотоп-Пас.|Жмеринка-Пас.|27.09,773/774,Конотоп-Пас.,Жмеринка-Пас.,16,ЖМЕРИНКА-ПАС.,23:16,0,forecast,,,75,00:31,2026-09-27 20:17:37,,,0,2026-09-27 20:17:37
789/790|Київ-Пас.|Кропивницький|@20260927-2017,789/790|Київ-Пас.|Кропивницький|,789/790,Київ-Пас.,Кропивницький,0,КИЇВ-ПАС.,,1,fact,57,,,,,2026-09-27 20:17:37,,1,2026-09-27 20:17:37
789/790|Київ-Пас.|Кропивницький|@20260927-2017,789/790|Київ-Пас.|Кропивницький|,789/790,Київ-Пас.,Кропивницький,1,КИЇВ-ДЕМІЇВСЬКИЙ,17:27,1,fact,56,18:23,,,,2026-09-27 20:17:37,,1,2026-09-27 20:17:37
789/790|Київ-Пас.|Кропивницький|@20260927-2017,789/790|Київ-Пас.|Кропивницький|,789/790,Київ-Пас.,Кропивницький,2,КОРСУНЬ,18:57,1,passed_no_fact,,,,,,2026-09-27 20:17:37,,0,2026-09-27 20:17:37
789/790|Київ-Пас.|Кропивницький|@20260927-2017,789/790|Київ-Пас.|Кропивницький|,789/790,Київ-Пас.,Кропивницький,3,ГОРОДИЩЕ,19:17,1,passed_no_fact,,,,,,2026-09-27 20:17:37,,0,2026-09-27 20:17:37
789/790|Київ-Пас.|Кропивницький|@20260927-2017,789/790|Київ-Пас.|Кропивницький|,789/790,Київ-Пас.,Кропивницький,4,ІМ.ТАРАСА ШЕВЧЕНКА,19:54,0,forecast,,,64,20:58,2026-09-27 20:17:37,,,0,2026-09-27 20:17:37
789/790|Київ-Пас.|Кропивницький|@20260927-2017,789/790|Київ-Пас.|Кропивницький|,789/790,Київ-Пас.,Кропивницький,5,ЧОРНОЛІСЬКА,20:53,0,forecast,,,64,21:57,2026-09-27 20:17:37,,,0,2026-09-27 20:17:37
789/790|Київ-Пас.|Кропивницький|@20260927-2017,789/790|Київ-Пас.|Кропивницький|,789/790,Київ-Пас.,Кропивницький,6,ЗАХІДНИЙ,21:00,0,forecast,,,64,22:04,2026-09-27 20:17:37,,,0,2026-09-27 20:17:37
789/790|Київ-Пас.|Кропивницький|@20260927-2017,789/790|Київ-Пас.|Кропивницький|,789/790,Київ-Пас.,Кропивницький,7,ЗНАМ'ЯНКА,21:03,0,forecast,,,64,22:07,2026-09-27 20:17:37,,,0,2026-09-27 20:17:37
789/790|Київ-Пас.|Кропивницький|@20260927-2017,789/790|Київ-Пас.|Кропивницький|,789/790,Київ-Пас.,Кропивницький,8,ЗНАМ'ЯНКА-ПАС.,21:07,0,forecast,,,64,22:11,2026-09-27 20:17:37,,,0,2026-09-27 20:17:37
789/790|Київ-Пас.|Кропивницький|@20260927-2017,789/790|Київ-Пас.|Кропивницький|,789/790,Київ-Пас.,Кропивницький,9,КРОПИВНИЦЬКИЙ,22:15,0,forecast,,,64,23:19,2026-09-27 20:17:37,,,0,2026-09-27 20:17:37
791/792|Київ-Пас.|Кременчук-Пас.|@20260927-2017,791/792|Київ-Пас.|Кременчук-Пас.|,791/792,Київ-Пас.,Кременчук-Пас.,0,КИЇВ-ПАС.,,1,fact,57,,,,,2026-09-27 20:17:37,,1,2026-09-27 20:17:37
791/792|Київ-Пас.|Кременчук-Пас.|@20260927-2017,791/792|Київ-Пас.|Кременчук-Пас.|,791/792,Київ-Пас.,Кременчук-Пас.,1,КИЇВ-ДЕМІЇВСЬКИЙ,17:27,1,fact,56,18:23,,,,2026-09-27 20:17:37,,1,2026-09-27 20:17:37
791/792|Київ-Пас.|Кременчук-Пас.|@20260927-2017,791/792|Київ-Пас.|Кременчук-Пас.|,791/792,Київ-Пас.,Кременчук-Пас.,2,КОРСУНЬ,18:57,1,passed_no_fact,,,,,,2026-09-27 20:17:37,,0,2026-09-27 20:17:37
791/792|Київ-Пас.|Кременчук-Пас.|@20260927-2017,791/792|Київ-Пас.|Кременчук-Пас.|,791/792,Київ-Пас.,Кременчук-Пас.,3,ГОРОДИЩЕ,19:17,1,passed_no_fact,,,,,,2026-09-27 20:17:37,,0,2026-09-27 20:17:37
791/792|Київ-Пас.|Кременчук-Пас.|@20260927-2017,791/792|Київ-Пас.|Кременчук-Пас.|,791/792,Київ-Пас.,Кременчук-Пас.,4,ІМ.ТАРАСА ШЕВЧЕНКА,19:54,0,forecast,,,63,20:57,2026-09-27 20:17:37,,,0,2026-09-27 20:17:37
791/792|Київ-Пас.|Кременчук-Пас.|@20260927-2017,791/792|Київ-Пас.|Кременчук-Пас.|,791/792,Київ-Пас.,Кременчук-Пас.,5,ЗНАМ'ЯНКА-ПАС.,21:07,0,forecast,,,63,22:10,2026-09-27 20:17:37,,,0,2026-09-27 20:17:37
791/792|Київ-Пас.|Кременчук-Пас.|@20260927-2017,791/792|Київ-Пас.|Кременчук-Пас.|,791/792,Київ-Пас.,Кременчук-Пас.,6,КРЕМЕНЧУК-ПАС.,22:42,0,forecast,,,63,23:45,2026-09-27 20:17:37,,,0,2026-09-27 20:17:37
793/794|Київ-Пас.|Черкаси|27.09@20260927-2017,793/794|Київ-Пас.|Черкаси|27.09,793/794,Київ-Пас.,Черкаси,0,КИЇВ-ПАС.,,1,fact,81,,,,,2026-09-27 20:17:37,,1,2026-09-27 20:17:37
793/794|Київ-Пас.|Черкаси|27.09@20260927-2017,793/794|Київ-Пас.|Черкаси|27.09,793/794,Київ-Пас.,Черкаси,1,КИЇВ-ДЕМІЇВСЬКИЙ,16:55,1,fact,82,18:17,,,,2026-09-27 20:17:37,,1,2026-09-27 20:17:37
793/794|Київ-Пас.|Черкаси|27.09@20260927-2017,793/794|Київ-Пас.|Черкаси|27.09,793/794,Київ-Пас.,Черкаси,2,ВИДУБИЧІ-ТРИПІЛЬСЬКІ,16:58,1,passed_no_fact,,,,,,2026-09-27 20:17:37,,0,2026-09-27 20:17:37
793/794|Київ-Пас.|Черкаси|27.09@20260927-2017,793/794|Київ-Пас.|Черкаси|27.09,793/794,Київ-Пас.,Черкаси,3,КОРСУНЬ,18:30,1,passed_no_fact,,,,,,2026-09-27 20:17:37,,0,2026-09-27 20:17:37
793/794|Київ-Пас.|Черкаси|27.09@20260927-2017,793/794|Київ-Пас.|Черкаси|27.09,793/794,Київ-Пас.,Черкаси,4,ГОРОДИЩЕ,18:52,1,passed_no_fact,,,,,,2026-09-27 20:17:37,,0,2026-09-27 20:17:37
793/794|Київ-Пас.|Черкаси|27.09@20260927-2017,793/794|Київ-Пас.|Черкаси|27.09,793/794,Київ-Пас.,Черкаси,5,ЦВІТКОВЕ,19:07,1,passed_no_fact,,,,,,2026-09-27 20:17:37,,0,2026-09-27 20:17:37
793/794|Київ-Пас.|Черкаси|27.09@20260927-2017,793/794|Київ-Пас.|Черкаси|27.09,793/794,Київ-Пас.,Черкаси,6,ІМ.ТАРАСА ШЕВЧЕНКА,19:37,1,passed_no_fact,,,,,,2026-09-27 20:17:37,,0,2026-09-27 20:17:37
793/794|Київ-Пас.|Черкаси|27.09@20260927-2017,793/794|Київ-Пас.|Черкаси|27.09,793/794,Київ-Пас.,Черкаси,7,ЦЕНТРАЛЬНА,20:02,0,forecast,,,86,21:28,2026-09-27 20:17:37,,,0,2026-09-27 20:17:37
793/794|Київ-Пас.|Черкаси|27.09@20260927-2017,793/794|Київ-Пас.|Черкаси|27.09,793/794,Київ-Пас.,Черкаси,8,ЧЕРКАСИ,20:50,0,forecast,,,86,22:16,2026-09-27 20:17:37,,,0,2026-09-27 20:17:37
85/86|Дніпро-Головний|Львів|@20260927-2017,85/86|Дніпро-Головний|Львів|,85/86,Дніпро-Головний,Львів,0,ДНІПРО-ГОЛОВНИЙ,,1,fact,51,,,,,2026-09-27 20:17:37,,1,2026-09-27 20:17:37
85/86|Дніпро-Головний|Львів|@20260927-2017,85/86|Дніпро-Головний|Львів|,85/86,Дніпро-Головний,Львів,1,КАМ'ЯНСЬКЕ-ПАС.,16:30,1,fact,57,17:27,,,,2026-09-27 20:17:37,,0,2026-09-27 20:17:37
85/86|Дніпро-Головний|Львів|@20260927-2017,85/86|Дніпро-Головний|Львів|,85/86,Дніпро-Головний,Львів,2,П'ЯТИХАТКИ,17:48,1,fact,64,18:52,,,,2026-09-27 20:17:37,,0,2026-09-27 20:17:37
85/86|Дніпро-Головний|Львів|@20260927-2017,85/86|Дніпро-Головний|Львів|,85/86,Дніпро-Головний,Львів,3,ОЛЕКСАНДРІЯ,19:05,1,fact,64,20:09,,,,2026-09-27 20:17:37,,0,2026-09-27 20:17:37
85/86|Дніпро-Головний|Львів|@20260927-2017,85/86|Дніпро-Головний|Львів|,85/86,Дніпро-Головний,Львів,4,ЗНАМ'ЯНКА-ПАС.,19:46,0,forecast,,,58,20:44,2026-09-27 20:17:37,,,0,2026-09-27 20:17:37
85/86|Дніпро-Головний|Львів|@20260927-2017,85/86|Дніпро-Головний|Львів|,85/86,Дніпро-Головний,Львів,5,ІМ.ТАРАСА ШЕВЧЕНКА,21:18,0,forecast,,,58,22:16,2026-09-27 20:17:37,,,0,2026-09-27 20:17:37
85/86|Дніпро-Головний|Львів|@20260927-2017,85/86|Дніпро-Головний|Львів|,85/86,Дніпро-Головний,Львів,6,БІЛА ЦЕРКВА,23:41,0,forecast,,,58,00:39,2026-09-27 20:17:37,,,0,2026-09-27 20:17:37
85/86|Дніпро-Головний|Львів|@20260927-2017,85/86|Дніпро-Головний|Львів|,85/86,Дніпро-Головний,Львів,7,БЕРДИЧІВ,01:45,0,forecast,,,58,02:43,2026-09-27 20:17:37,,,0,2026-09-27 20:17:37
85/86|Дніпро-Головний|Львів|@20260927-2017,85/86|Дніпро-Головний|Львів|,85/86,Дніпро-Головний,Львів,8,ЛЬВІВ,06:02,0,forecast,,,58,07:00,2026-09-27 20:17:37,,,1,2026-09-27 20:17:37
9/10|Київ-Пас.|Будапешт-Келеті|@20260927-2017,9/10|Київ-Пас.|Будапешт-Келеті|,9/10,Київ-Пас.,Будапешт-Келеті,0,КИЇВ-ПАС.,,1,fact,41,,,,,2026-09-27 20:17:37,,1,2026-09-27 20:17:37
9/10|Київ-Пас.|Будапешт-Келеті|@20260927-2017,9/10|Київ-Пас.|Будапешт-Келеті|,9/10,Київ-Пас.,Будапешт-Келеті,1,ЛЬВІВ,16:22,1,fact,60,17:22,,,,2026-09-27 20:17:37,,1,2026-09-27 20:17:37
9/10|Київ-Пас.|Будапешт-Келеті|@20260927-2017,9/10|Київ-Пас.|Будапешт-Келеті|,9/10,Київ-Пас.,Будапешт-Келеті,2,МУКАЧЕВО,20:06,0,forecast,,,55,21:01,2026-09-27 20:17:37,,,0,2026-09-27 20:17:37
9/10|Київ-Пас.|Будапешт-Келеті|@20260927-2017,9/10|Київ-Пас.|Будапешт-Келеті|,9/10,Київ-Пас.,Будапешт-Келеті,3,ЧОП,20:54,0,forecast,,,55,21:49,2026-09-27 20:17:37,,,0,2026-09-27 20:17:37
