snapshot_ts_kyiv,instance_id,trip_key,seq,station,dev_min,forecast,scheduled,passed,is_watched
2026-09-27 20:17:37,121/122|Миколаїв Пас.|Київ-Пас.|@20260927-2017,121/122|Миколаїв Пас.|Київ-Пас.|,0,МИКОЛАЇВ ПАС.,147,,,1,0
2026-09-27 20:17:37,121/122|Миколаїв Пас.|Київ-Пас.|@20260927-2017,121/122|Миколаїв Пас.|Київ-Пас.|,1,ЯВКИНЕ,147,13:40,11:13,1,0
2026-09-27 20:17:37,121/122|Миколаїв Пас.|Київ-Пас.|@20260927-2017,121/122|Миколаїв Пас.|Київ-Пас.|,2,НОВОПОЛТАВКА,146,14:08,11:42,1,0
2026-09-27 20:17:37,121/122|Миколаїв Пас.|Київ-Пас.|@20260927-2017,121/122|Миколаїв Пас.|Київ-Пас.|,3,НОВИЙ БУГ,147,14:29,12:02,1,0
2026-09-27 20:17:37,121/122|Миколаїв Пас.|Київ-Пас.|@20260927-2017,121/122|Миколаїв Пас.|Київ-Пас.|,4,ДОБРОВІЛЬСЬКИЙ,148,14:47,12:19,1,0
2026-09-27 20:17:37,121/122|Миколаїв Пас.|Київ-Пас.|@20260927-2017,121/122|Миколаїв Пас.|Київ-Пас.|,5,КАЗАНКА,201,15:53,12:32,1,0
2026-09-27 20:17:37,121/122|Миколаїв Пас.|Київ-Пас.|@20260927-2017,121/122|Миколаїв Пас.|Київ-Пас.|,6,ДОЛИНСЬКА,202,16:26,13:04,1,0
2026-09-27 20:17:37,121/122|Миколаїв Пас.|Київ-Пас.|@20260927-2017,121/122|Миколаїв Пас.|Київ-Пас.|,7,КУЦІВКА,197,16:45,13:28,1,0
2026-09-27 20:17:37,121/122|Миколаїв Пас.|Київ-Пас.|@20260927-2017,121/122|Миколаїв Пас.|Київ-Пас.|,8,ЗНАМ'ЯНКА-ПАС.,193,17:42,14:29,1,0
2026-09-27 20:17:37,121/122|Миколаїв Пас.|Київ-Пас.|@20260927-2017,121/122|Миколаїв Пас.|Київ-Пас.|,9,ЧОРНОЛІСЬКА,187,18:19,15:12,1,0
2026-09-27 20:17:37,121/122|Миколаїв Пас.|Київ-Пас.|@20260927-2017,121/122|Миколаїв Пас.|Київ-Пас.|,10,ФУНДУКЛІЇВКА,191,18:51,15:40,1,0
2026-09-27 20:17:37,121/122|Миколаїв Пас.|Київ-Пас.|@20260927-2017,121/122|Миколаїв Пас.|Київ-Пас.|,11,КАМ'ЯНКА,188,19:05,15:57,1,0
2026-09-27 20:17:37,121/122|Миколаїв Пас.|Київ-Пас.|@20260927-2017,121/122|Миколаїв Пас.|Київ-Пас.|,12,ІМ.ТАРАСА ШЕВЧЕНКА,182,19:23,16:21,1,0
2026-09-27 20:17:37,121/122|Миколаїв Пас.|Київ-Пас.|@20260927-2017,121/122|Миколаїв Пас.|Київ-Пас.|,13,ПЕРЕГОНІВКА,179,19:35,16:36,1,0
2026-09-27 20:17:37,121/122|Миколаїв Пас.|Київ-Пас.|@20260927-2017,121/122|Миколаїв Пас.|Київ-Пас.|,14,ЦВІТКОВЕ,182,19:55,16:53,0,0
2026-09-27 20:17:37,121/122|Миколаїв Пас.|Київ-Пас.|@20260927-2017,121/122|Миколаїв Пас.|Київ-Пас.|,15,ГОРОДИЩЕ,182,20:12,17:10,0,0
2026-09-27 20:17:37,121/122|Миколаїв Пас.|Київ-Пас.|@20260927-2017,121/122|Миколаїв Пас.|Київ-Пас.|,16,КОРСУНЬ,182,20:33,17:31,0,0
2026-09-27 20:17:37,121/122|Миколаїв Пас.|Київ-Пас.|@20260927-2017,121/122|Миколаїв Пас.|Київ-Пас.|,17,КИЇВ-ПАС.,182,22:27,19:25,0,1
2026-09-27 20:17:37,177/178|Івано-Франківськ|Київ-Пас.|@20260927-2017,177/178|Івано-Франківськ|Київ-Пас.|,0,ІВАНО-ФРАНКІВСЬК,,,,1,0
2026-09-27 20:17:37,177/178|Івано-Франківськ|Київ-Пас.|@20260927-2017,177/178|Івано-Франківськ|Київ-Пас.|,1,ЛЬВІВ,5,12:50,12:45,1,1
2026-09-27 20:17:37,177/178|Івано-Франківськ|Київ-Пас.|@20260927-2017,177/178|Івано-Франківськ|Київ-Пас.|,2,ЗАБОЛОТЦІ,136,16:31,14:15,1,0
2026-09-27 20:17:37,177/178|Івано-Франківськ|Київ-Пас.|@20260927-2017,177/178|Івано-Франківськ|Київ-Пас.|,3,КИЇВ-ПАС.,161,21:57,19:16,0,1
2026-09-27 20:17:37,723/724|Харків-Пас.|Київ-Пас.|@20260927-2017,723/724|Харків-Пас.|Київ-Пас.|,0,ХАРКІВ-ПАС.,,,,1,1
2026-09-27 20:17:37,723/724|Харків-Пас.|Київ-Пас.|@20260927-2017,723/724|Харків-Пас.|Київ-Пас.|,1,ПОЛТАВА-КИЇВСЬКА,,16:13,16:13,1,1
2026-09-27 20:17:37,723/724|Харків-Пас.|Київ-Пас.|@20260927-2017,723/724|Харків-Пас.|Київ-Пас.|,2,МИРГОРОД,-1,17:06,17:07,1,0
2026-09-27 20:17:37,723/724|Харків-Пас.|Київ-Пас.|@20260927-2017,723/724|Харків-Пас.|Київ-Пас.|,3,КИБИНЦІ,166,20:03,17:16,1,0
2026-09-27 20:17:37,723/724|Харків-Пас.|Київ-Пас.|@20260927-2017,723/724|Харків-Пас.|Київ-Пас.|,4,РОМОДАН,150,19:55,17:25,0,0
2026-09-27 20:17:37,723/724|Харків-Пас.|Київ-Пас.|@20260927-2017,723/724|Харків-Пас.|Київ-Пас.|,5,ЛУБНИ,150,20:16,17:46,0,0
2026-09-27 20:17:37,723/724|Харків-Пас.|Київ-Пас.|@20260927-2017,723/724|Харків-Пас.|Київ-Пас.|,6,ГРЕБІНКА,150,20:39,18:09,0,0
2026-09-27 20:17:37,723/724|Харків-Пас.|Київ-Пас.|@20260927-2017,723/724|Харків-Пас.|Київ-Пас.|,7,ДАРНИЦЯ,150,21:39,19:09,0,0
2026-09-27 20:17:37,723/724|Харків-Пас.|Київ-Пас.|@20260927-2017,723/724|Харків-Пас.|Київ-Пас.|,8,КИЇВ-ПАС.,150,22:02,19:32,0,1
2026-09-27 20:17:37,41/42|Трускавець|Дніпро-Головний|@20260927-2017,41/42|Трускавець|Дніпро-Головний|,0,ТРУСКАВЕЦЬ,1,,,1,0
2026-09-27 20:17:37,41/42|Трускавець|Дніпро-Головний|@20260927-2017,41/42|Трускавець|Дніпро-Головний|,1,ДРОГОБИЧ,1,14:20,14:19,1,0
2026-09-27 20:17:37,41/42|Трускавець|Дніпро-Головний|@20260927-2017,41/42|Трускавець|Дніпро-Головний|,2,ЛЬВІВ,1,16:10,16:10,1,1
2026-09-27 20:17:37,41/42|Трускавець|Дніпро-Головний|@20260927-2017,41/42|Трускавець|Дніпро-Головний|,3,ПІДЗАМЧЕ,-1,16:51,16:52,1,0
2026-09-27 20:17:37,41/42|Трускавець|Дніпро-Головний|@20260927-2017,41/42|Трускавець|Дніпро-Головний|,4,КРАСНЕ,1,17:23,17:23,1,0
2026-09-27 20:17:37,41/42|Трускавець|Дніпро-Головний|@20260927-2017,41/42|Трускавець|Дніпро-Головний|,5,ЗЛОЧІВ,1,17:47,17:47,1,0
2026-09-27 20:17:37,41/42|Трускавець|Дніпро-Головний|@20260927-2017,41/42|Трускавець|Дніпро-Головний|,6,ТЕРНОПІЛЬ-ПАС.,,,18:42,1,0
2026-09-27 20:17:37,41/42|Трускавець|Дніпро-Головний|@20260927-2017,41/42|Трускавець|Дніпро-Головний|,7,ПІДВОЛОЧИСЬК,,,19:32,1,0
2026-09-27 20:17:37,41/42|Трускавець|Дніпро-Головний|@20260927-2017,41/42|Трускавець|Дніпро-Головний|,8,ВОЛОЧИСЬК,,,19:43,1,0
2026-09-27 20:17:37,41/42|Трускавець|Дніпро-Головний|@20260927-2017,41/42|Трускавець|Дніпро-Головний|,9,ХМЕЛЬНИЦЬКИЙ,120,22:33,20:33,0,0
2026-09-27 20:17:37,41/42|Трускавець|Дніпро-Головний|@20260927-2017,41/42|Трускавець|Дніпро-Головний|,10,БРАЇЛІВ,120,00:05,22:05,0,0
2026-09-27 20:17:37,41/42|Трускавець|Дніпро-Головний|@20260927-2017,41/42|Трускавець|Дніпро-Головний|,11,ВІННИЦЯ,120,00:38,22:38,0,0
2026-09-27 20:17:37,41/42|Трускавець|Дніпро-Головний|@20260927-2017,41/42|Трускавець|Дніпро-Головний|,12,КАЛИНІВКА-1,120,01:04,23:04,0,0
2026-09-27 20:17:37,41/42|Трускавець|Дніпро-Головний|@20260927-2017,41/42|Трускавець|Дніпро-Головний|,13,КОЗЯТИН-1,120,01:41,23:41,0,0
2026-09-27 20:17:37,41/42|Трускавець|Дніпро-Головний|@20260927-2017,41/42|Трускавець|Дніпро-Головний|,14,БІЛА ЦЕРКВА,120,03:29,01:29,0,0
2026-09-27 20:17:37,41/42|Трускавець|Дніпро-Головний|@20260927-2017,41/42|Трускавець|Дніпро-Головний|,15,МИРОНІВКА,120,04:29,02:29,0,0
2026-09-27 20:17:37,41/42|Трускавець|Дніпро-Головний|@20260927-2017,41/42|Трускавець|Дніпро-Головний|,16,КОРСУНЬ,120,04:57,02:57,0,0
2026-09-27 20:17:37,41/42|Трускавець|Дніпро-Головний|@20260927-2017,41/42|Трускавець|Дніпро-Головний|,17,ГОРОДИЩЕ,120,05:18,03:18,0,0
2026-09-27 20:17:37,41/42|Трускавець|Дніпро-Головний|@20260927-2017,41/42|Трускавець|Дніпро-Головний|,18,ІМ.ТАРАСА ШЕВЧЕНКА,120,05:56,03:56,0,0
2026-09-27 20:17:37,41/42|Трускавець|Дніпро-Головний|@20260927-2017,41/42|Трускавець|Дніпро-Головний|,19,КАМ'ЯНКА,120,06:30,04:30,0,0
2026-09-27 20:17:37,41/42|Трускавець|Дніпро-Головний|@20260927-2017,41/42|Трускавець|Дніпро-Головний|,20,ФУНДУКЛІЇВКА,120,06:46,04:46,0,0
2026-09-27 20:17:37,41/42|Трускавець|Дніпро-Головний|@20260927-2017,41/42|Трускавець|Дніпро-Головний|,21,ЗНАМ'ЯНКА-ПАС.,120,07:30,05:30,0,0
2026-09-27 20:17:37,41/42|Трускавець|Дніпро-Головний|@20260927-2017,41/42|Трускавець|Дніпро-Головний|,22,КОРИСТІВКА,120,08:03,06:03,0,0
2026-09-27 20:17:37,41/42|Трускавець|Дніпро-Головний|@20260927-2017,41/42|Трускавець|Дніпро-Головний|,23,ОЛЕКСАНДРІЯ,120,08:16,06:16,0,0
2026-09-27 20:17:37,41/42|Трускавець|Дніпро-Головний|@20260927-2017,41/42|Трускавець|Дніпро-Головний|,24,П'ЯТИХАТКИ,120,09:36,07:36,0,0
2026-09-27 20:17:37,41/42|Трускавець|Дніпро-Головний|@20260927-2017,41/42|Трускавець|Дніпро-Головний|,25,ВІЛЬНОГІРСЬК,120,09:59,07:59,0,0
2026-09-27 20:17:37,41/42|Трускавець|Дніпро-Головний|@20260927-2017,41/42|Трускавець|Дніпро-Головний|,26,ВЕРХНЬОДНІПРОВСЬК,120,10:27,08:27,0,1
2026-09-27 20:17:37,41/42|Трускавець|Дніпро-Головний|@20260927-2017,41/42|Трускавець|Дніпро-Головний|,27,КАМ'ЯНСЬКЕ-ПАС.,120,10:46,08:46,0,0
2026-09-27 20:17:37,41/42|Трускавець|Дніпро-Головний|@20260927-2017,41/42|Трускавець|Дніпро-Головний|,28,ДНІПРО-ГОЛОВНИЙ,120,11:20,09:20,0,1
2026-09-27 20:17:37,723/724|Київ-Пас.|Харків-Пас.|@20260927-2017,723/724|Київ-Пас.|Харків-Пас.|,0,КИЇВ-ПАС.,11,,,1,1
2026-09-27 20:17:37,723/724|Київ-Пас.|Харків-Пас.|@20260927-2017,723/724|Київ-Пас.|Харків-Пас.|,1,ДАРНИЦЯ,8,16:26,16:18,1,0
2026-09-27 20:17:37,723/724|Київ-Пас.|Харків-Пас.|@20260927-2017,723/724|Київ-Пас.|Харків-Пас.|,2,ЛУБНИ,1,17:46,17:45,1,0
2026-09-27 20:17:37,723/724|Київ-Пас.|Харків-Пас.|@20260927-2017,723/724|Київ-Пас.|Харків-Пас.|,3,РОМОДАН,-1,18:06,18:07,1,0
2026-09-27 20:17:37,723/724|Київ-Пас.|Харків-Пас.|@20260927-2017,723/724|Київ-Пас.|Харків-Пас.|,4,МИРГОРОД,,,18:25,1,0
2026-09-27 20:17:37,723/724|Київ-Пас.|Харків-Пас.|@20260927-2017,723/724|Київ-Пас.|Харків-Пас.|,5,ПОЛТАВА-КИЇВСЬКА,,,19:24,1,1
2026-09-27 20:17:37,723/724|Київ-Пас.|Харків-Пас.|@20260927-2017,723/724|Київ-Пас.|Харків-Пас.|,6,ХАРКІВ-ПАС.,120,23:03,21:03,0,1
2026-09-27 20:17:37,119/120|Хелм|Дніпро-Головний|@20260927-2017,119/120|Хелм|Дніпро-Головний|,0,ХЕЛМ,131,,,1,0
2026-09-27 20:17:37,119/120|Хелм|Дніпро-Головний|@20260927-2017,119/120|Хелм|Дніпро-Головний|,1,ВУЛКА ОКОП,,13:46,,1,0
2026-09-27 20:17:37,119/120|Хелм|Дніпро-Головний|@20260927-2017,119/120|Хелм|Дніпро-Головний|,2,ЯГОДИН,142,15:44,13:22,1,0
2026-09-27 20:17:37,119/120|Хелм|Дніпро-Головний|@20260927-2017,119/120|Хелм|Дніпро-Головний|,3,КОВЕЛЬ-ПАС.,132,17:32,15:20,1,0
2026-09-27 20:17:37,119/120|Хелм|Дніпро-Головний|@20260927-2017,119/120|Хелм|Дніпро-Головний|,4,РІВНЕ,118,19:24,17:26,1,0
2026-09-27 20:17:37,119/120|Хелм|Дніпро-Головний|@20260927-2017,119/120|Хелм|Дніпро-Головний|,5,КИЇВ-ПАС.,119,23:49,21:50,0,1
2026-09-27 20:17:37,119/120|Хелм|Дніпро-Головний|@20260927-2017,119/120|Хелм|Дніпро-Головний|,6,ВИДУБИЧІ-ТРИПІЛЬСЬКІ,119,01:04,23:05,0,0
2026-09-27 20:17:37,119/120|Хелм|Дніпро-Головний|@20260927-2017,119/120|Хелм|Дніпро-Головний|,7,ІМ.ТАРАСА ШЕВЧЕНКА,119,03:24,01:25,0,0
2026-09-27 20:17:37,119/120|Хелм|Дніпро-Головний|@20260927-2017,119/120|Хелм|Дніпро-Головний|,8,ЗНАМ'ЯНКА-ПАС.,119,04:48,02:49,0,0
2026-09-27 20:17:37,119/120|Хелм|Дніпро-Головний|@20260927-2017,119/120|Хелм|Дніпро-Головний|,9,ОЛЕКСАНДРІЯ,119,05:24,03:25,0,0
2026-09-27 20:17:37,119/120|Хелм|Дніпро-Головний|@20260927-2017,119/120|Хелм|Дніпро-Головний|,10,П'ЯТИХАТКИ,119,06:42,04:43,0,0
2026-09-27 20:17:37,119/120|Хелм|Дніпро-Головний|@20260927-2017,119/120|Хелм|Дніпро-Головний|,11,КАМ'ЯНСЬКЕ-ПАС.,119,07:40,05:41,0,0
2026-09-27 20:17:37,119/120|Хелм|Дніпро-Головний|@20260927-2017,119/120|Хелм|Дніпро-Головний|,12,ДНІПРО-ГОЛОВНИЙ,119,08:14,06:15,0,1
2026-09-27 20:17:37,55/55|Київ-Пас.|Рахів|27.09@20260927-2017,55/55|Київ-Пас.|Рахів|27.09,0,КИЇВ-ПАС.,99,,,1,1
2026-09-27 20:17:37,55/55|Київ-Пас.|Рахів|27.09@20260927-2017,55/55|Київ-Пас.|Рахів|27.09,1,ФАСТІВ-1,110,19:45,17:55,1,0
2026-09-27 20:17:37,55/55|Київ-Пас.|Рахів|27.09@20260927-2017,55/55|Київ-Пас.|Рахів|27.09,2,КОЗЯТИН-1,,,19:00,1,0
2026-09-27 20:17:37,55/55|Київ-Пас.|Рахів|27.09@20260927-2017,55/55|Київ-Пас.|Рахів|27.09,3,КАЛИНІВКА-1,,,19:32,1,0
2026-09-27 20:17:37,55/55|Київ-Пас.|Рахів|27.09@20260927-2017,55/55|Київ-Пас.|Рахів|27.09,4,ВІННИЦЯ,114,21:46,19:52,0,0
2026-09-27 20:17:37,55/55|Київ-Пас.|Рахів|27.09@20260927-2017,55/55|Київ-Пас.|Рахів|27.09,5,ХМЕЛЬНИЦЬКИЙ,114,23:34,21:40,0,0
2026-09-27 20:17:37,55/55|Київ-Пас.|Рахів|27.09@20260927-2017,55/55|Київ-Пас.|Рахів|27.09,6,ТЕРНОПІЛЬ-ПАС.,114,01:24,23:30,0,0
2026-09-27 20:17:37,55/55|Київ-Пас.|Рахів|27.09@20260927-2017,55/55|Київ-Пас.|Рахів|27.09,7,ЗЛОЧІВ,114,02:21,00:27,0,0
2026-09-27 20:17:37,55/55|Київ-Пас.|Рахів|27.09@20260927-2017,55/55|Київ-Пас.|Рахів|27.09,8,ЛЬВІВ,114,03:22,01:28,0,1
2026-09-27 20:17:37,55/55|Київ-Пас.|Рахів|27.09@20260927-2017,55/55|Київ-Пас.|Рахів|27.09,9,ІВАНО-ФРАНКІВСЬК,114,05:54,04:00,0,0
2026-09-27 20:17:37,55/55|Київ-Пас.|Рахів|27.09@20260927-2017,55/55|Київ-Пас.|Рахів|27.09,10,НАДВІРНА,114,06:42,04:48,0,0
2026-09-27 20:17:37,55/55|Київ-Пас.|Рахів|27.09@20260927-2017,55/55|Київ-Пас.|Рахів|27.09,11,ЯРЕМЧЕ,114,07:16,05:22,0,0
2026-09-27 20:17:37,55/55|Київ-Пас.|Рахів|27.09@20260927-2017,55/55|Київ-Пас.|Рахів|27.09,12,ТАТАРІВ-БУКОВЕЛЬ,114,07:43,05:49,0,0
2026-09-27 20:17:37,55/55|Київ-Пас.|Рахів|27.09@20260927-2017,55/55|Київ-Пас.|Рахів|27.09,13,ВОРОХТА,114,07:58,06:04,0,0
2026-09-27 20:17:37,55/55|Київ-Пас.|Рахів|27.09@20260927-2017,55/55|Київ-Пас.|Рахів|27.09,14,ВОРОНЕНКО,114,08:12,06:18,0,0
2026-09-27 20:17:37,55/55|Київ-Пас.|Рахів|27.09@20260927-2017,55/55|Київ-Пас.|Рахів|27.09,15,ЛАЗЕЩИНА,114,08:28,06:34,0,0
2026-09-27 20:17:37,55/55|Київ-Пас.|Рахів|27.09@20260927-2017,55/55|Київ-Пас.|Рахів|27.09,16,ЯСІНЯ,114,08:39,06:45,0,0
2026-09-27 20:17:37,55/55|Київ-Пас.|Рахів|27.09@20260927-2017,55/55|Київ-Пас.|Рахів|27.09,17,КВАСИ,114,09:04,07:10,0,0
2026-09-27 20:17:37,55/55|Київ-Пас.|Рахів|27.09@20260927-2017,55/55|Київ-Пас.|Рахів|27.09,18,РАХІВ,114,09:26,07:32,0,0
2026-09-27 20:17:37,141/142|Чернігів|Ясіня|@20260927-2017,141/142|Чернігів|Ясіня|,0,ЧЕРНІГІВ,,,,1,0
2026-09-27 20:17:37,141/142|Чернігів|Ясіня|@20260927-2017,141/142|Чернігів|Ясіня|,1,НІЖИН,,14:41,14:41,1,0
2026-09-27 20:17:37,141/142|Чернігів|Ясіня|@20260927-2017,141/142|Чернігів|Ясіня|,2,БРОВАРИ,42,16:27,15:45,1,0
2026-09-27 20:17:37,141/142|Чернігів|Ясіня|@20260927-2017,141/142|Чернігів|Ясіня|,3,ДАРНИЦЯ,41,16:43,16:02,1,0
2026-09-27 20:17:37,141/142|Чернігів|Ясіня|@20260927-2017,141/142|Чернігів|Ясіня|,4,КИЇВ-ДЕМІЇВСЬКИЙ,40,16:55,16:15,1,1
2026-09-27 20:17:37,141/142|Чернігів|Ясіня|@20260927-2017,141/142|Чернігів|Ясіня|,5,КИЇВ-ПАС.,112,18:15,16:23,1,1
2026-09-27 20:17:37,141/142|Чернігів|Ясіня|@20260927-2017,141/142|Чернігів|Ясіня|,6,ФАСТІВ-1,110,19:45,17:55,1,0
2026-09-27 20:17:37,141/142|Чернігів|Ясіня|@20260927-2017,141/142|Чернігів|Ясіня|,7,КОЗЯТИН-1,,,19:00,1,0
2026-09-27 20:17:37,141/142|Чернігів|Ясіня|@20260927-2017,141/142|Чернігів|Ясіня|,8,КАЛИНІВКА-1,,,19:32,1,0
2026-09-27 20:17:37,141/142|Чернігів|Ясіня|@20260927-2017,141/142|Чернігів|Ясіня|,9,ВІННИЦЯ,109,21:41,19:52,0,0
2026-09-27 20:17:37,141/142|Чернігів|Ясіня|@20260927-2017,141/142|Чернігів|Ясіня|,10,ХМЕЛЬНИЦЬКИЙ,109,23:29,21:40,0,0
2026-09-27 20:17:37,141/142|Чернігів|Ясіня|@20260927-2017,141/142|Чернігів|Ясіня|,11,ТЕРНОПІЛЬ-ПАС.,109,01:19,23:30,0,0
2026-09-27 20:17:37,141/142|Чернігів|Ясіня|@20260927-2017,141/142|Чернігів|Ясіня|,12,ЗЛОЧІВ,109,02:16,00:27,0,0
2026-09-27 20:17:37,141/142|Чернігів|Ясіня|@20260927-2017,141/142|Чернігів|Ясіня|,13,ЛЬВІВ,109,03:17,01:28,0,1
2026-09-27 20:17:37,141/142|Чернігів|Ясіня|@20260927-2017,141/142|Чернігів|Ясіня|,14,ІВАНО-ФРАНКІВСЬК,109,05:49,04:00,0,0
2026-09-27 20:17:37,141/142|Чернігів|Ясіня|@20260927-2017,141/142|Чернігів|Ясіня|,15,НАДВІРНА,109,07:33,05:44,0,0
2026-09-27 20:17:37,141/142|Чернігів|Ясіня|@20260927-2017,141/142|Чернігів|Ясіня|,16,ЯРЕМЧЕ,109,08:11,06:22,0,0
2026-09-27 20:17:37,141/142|Чернігів|Ясіня|@20260927-2017,141/142|Чернігів|Ясіня|,17,ТАТАРІВ-БУКОВЕЛЬ,109,08:38,06:49,0,0
2026-09-27 20:17:37,141/142|Чернігів|Ясіня|@20260927-2017,141/142|Чернігів|Ясіня|,18,ВОРОХТА,109,08:53,07:04,0,0
2026-09-27 20:17:37,141/142|Чернігів|Ясіня|@20260927-2017,141/142|Чернігів|Ясіня|,19,ЯСІНЯ,109,09:29,07:40,0,0
2026-09-27 20:17:37,137/138|Київ-Пас.|Ясіня|27.09@20260927-2017,137/138|Київ-Пас.|Ясіня|27.09,0,КИЇВ-ПАС.,99,,,1,1
2026-09-27 20:17:37,137/138|Київ-Пас.|Ясіня|27.09@20260927-2017,137/138|Київ-Пас.|Ясіня|27.09,1,ФАСТІВ-1,110,19:45,17:55,1,0
2026-09-27 20:17:37,137/138|Київ-Пас.|Ясіня|27.09@20260927-2017,137/138|Київ-Пас.|Ясіня|27.09,2,КОЗЯТИН-1,,,19:00,1,0
2026-09-27 20:17:37,137/138|Київ-Пас.|Ясіня|27.09@20260927-2017,137/138|Київ-Пас.|Ясіня|27.09,3,КАЛИНІВКА-1,,,19:32,1,0
2026-09-27 20:17:37,137/138|Київ-Пас.|Ясіня|27.09@20260927-2017,137/138|Київ-Пас.|Ясіня|27.09,4,ВІННИЦЯ,109,21:41,19:52,0,0
2026-09-27 20:17:37,137/138|Київ-Пас.|Ясіня|27.09@20260927-2017,137/138|Київ-Пас.|Ясіня|27.09,5,ХМЕЛЬНИЦЬКИЙ,109,23:29,21:40,0,0
2026-09-27 20:17:37,137/138|Київ-Пас.|Ясіня|27.09@20260927-2017,137/138|Київ-Пас.|Ясіня|27.09,6,ТЕРНОПІЛЬ-ПАС.,109,01:19,23:30,0,0
2026-09-27 20:17:37,137/138|Київ-Пас.|Ясіня|27.09@20260927-2017,137/138|Київ-Пас.|Ясіня|27.09,7,ЗЛОЧІВ,109,02:16,00:27,0,0
2026-09-27 20:17:37,137/138|Київ-Пас.|Ясіня|27.09@20260927-2017,137/138|Київ-Пас.|Ясіня|27.09,8,ЛЬВІВ,109,03:17,01:28,0,1
2026-09-27 20:17:37,137/138|Київ-Пас.|Ясіня|27.09@20260927-2017,137/138|Київ-Пас.|Ясіня|27.09,9,ІВАНО-ФРАНКІВСЬК,109,05:49,04:00,0,0
2026-09-27 20:17:37,137/138|Київ-Пас.|Ясіня|27.09@20260927-2017,137/138|Київ-Пас.|Ясіня|27.09,10,НАДВІРНА,109,07:33,05:44,0,0
2026-09-27 20:17:37,137/138|Київ-Пас.|Ясіня|27.09@20260927-2017,137/138|Київ-Пас.|Ясіня|27.09,11,ЯРЕМЧЕ,109,08:11,06:22,0,0
2026-09-27 20:17:37,137/138|Київ-Пас.|Ясіня|27.09@20260927-2017,137/138|Київ-Пас.|Ясіня|27.09,12,ТАТАРІВ-БУКОВЕЛЬ,109,08:38,06:49,0,0
2026-09-27 20:17:37,137/138|Київ-Пас.|Ясіня|27.09@20260927-2017,137/138|Київ-Пас.|Ясіня|27.09,13,ВОРОХТА,109,08:53,07:04,0,0
2026-09-27 20:17:37,137/138|Київ-Пас.|Ясіня|27.09@20260927-2017,137/138|Київ-Пас.|Ясіня|27.09,14,ЯСІНЯ,109,09:29,07:40,0,0
2026-09-27 20:17:37,285/286|Львів|Дніпро-Головний|@20260927-2017,285/286|Львів|Дніпро-Головний|,0,ЛЬВІВ,1,,,1,1
2026-09-27 20:17:37,285/286|Львів|Дніпро-Головний|@20260927-2017,285/286|Львів|Дніпро-Головний|,1,ПІДЗАМЧЕ,-1,16:51,16:52,1,0
2026-09-27 20:17:37,285/286|Львів|Дніпро-Головний|@20260927-2017,285/286|Львів|Дніпро-Головний|,2,КРАСНЕ,1,17:23,17:23,1,0
2026-09-27 20:17:37,285/286|Львів|Дніпро-Головний|@20260927-2017,285/286|Львів|Дніпро-Головний|,3,ЗЛОЧІВ,1,17:47,17:47,1,0
2026-09-27 20:17:37,285/286|Львів|Дніпро-Головний|@20260927-2017,285/286|Львів|Дніпро-Головний|,4,ТЕРНОПІЛЬ-ПАС.,,,18:42,1,0
2026-09-27 20:17:37,285/286|Львів|Дніпро-Головний|@20260927-2017,285/286|Львів|Дніпро-Головний|,5,ПІДВОЛОЧИСЬК,,,19:32,1,0
2026-09-27 20:17:37,285/286|Львів|Дніпро-Головний|@20260927-2017,285/286|Львів|Дніпро-Головний|,6,ВОЛОЧИСЬК,,,19:43,1,0
2026-09-27 20:17:37,285/286|Львів|Дніпро-Головний|@20260927-2017,285/286|Львів|Дніпро-Головний|,7,ХМЕЛЬНИЦЬКИЙ,102,22:15,20:33,0,0
2026-09-27 20:17:37,285/286|Львів|Дніпро-Головний|@20260927-2017,285/286|Львів|Дніпро-Головний|,8,БРАЇЛІВ,102,23:47,22:05,0,0
2026-09-27 20:17:37,285/286|Львів|Дніпро-Головний|@20260927-2017,285/286|Львів|Дніпро-Головний|,9,ВІННИЦЯ,102,00:20,22:38,0,0
2026-09-27 20:17:37,285/286|Львів|Дніпро-Головний|@20260927-2017,285/286|Львів|Дніпро-Головний|,10,КАЛИНІВКА-1,102,00:46,23:04,0,0
2026-09-27 20:17:37,285/286|Львів|Дніпро-Головний|@20260927-2017,285/286|Львів|Дніпро-Головний|,11,КОЗЯТИН-1,102,01:23,23:41,0,0
2026-09-27 20:17:37,285/286|Львів|Дніпро-Головний|@20260927-2017,285/286|Львів|Дніпро-Головний|,12,БІЛА ЦЕРКВА,102,03:11,01:29,0,0
2026-09-27 20:17:37,285/286|Львів|Дніпро-Головний|@20260927-2017,285/286|Львів|Дніпро-Головний|,13,МИРОНІВКА,102,04:11,02:29,0,0
2026-09-27 20:17:37,285/286|Львів|Дніпро-Головний|@20260927-2017,285/286|Львів|Дніпро-Головний|,14,КОРСУНЬ,102,04:39,02:57,0,0
2026-09-27 20:17:37,285/286|Львів|Дніпро-Головний|@20260927-2017,285/286|Львів|Дніпро-Головний|,15,ГОРОДИЩЕ,102,05:00,03:18,0,0
2026-09-27 20:17:37,285/286|Львів|Дніпро-Головний|@20260927-2017,285/286|Львів|Дніпро-Головний|,16,ІМ.ТАРАСА ШЕВЧЕНКА,102,05:38,03:56,0,0
2026-09-27 20:17:37,285/286|Львів|Дніпро-Головний|@20260927-2017,285/286|Львів|Дніпро-Головний|,17,КАМ'ЯНКА,102,06:12,04:30,0,0
2026-09-27 20:17:37,285/286|Львів|Дніпро-Головний|@20260927-2017,285/286|Львів|Дніпро-Головний|,18,ФУНДУКЛІЇВКА,102,06:28,04:46,0,0
2026-09-27 20:17:37,285/286|Львів|Дніпро-Головний|@20260927-2017,285/286|Львів|Дніпро-Головний|,19,ЗНАМ'ЯНКА-ПАС.,102,07:12,05:30,0,0
2026-09-27 20:17:37,285/286|Львів|Дніпро-Головний|@20260927-2017,285/286|Львів|Дніпро-Головний|,20,КОРИСТІВКА,102,07:45,06:03,0,0
2026-09-27 20:17:37,285/286|Львів|Дніпро-Головний|@20260927-2017,285/286|Львів|Дніпро-Головний|,21,ОЛЕКСАНДРІЯ,102,07:58,06:16,0,0
2026-09-27 20:17:37,285/286|Львів|Дніпро-Головний|@20260927-2017,285/286|Львів|Дніпро-Головний|,22,П'ЯТИХАТКИ,102,09:18,07:36,0,0
2026-09-27 20:17:37,285/286|Львів|Дніпро-Головний|@20260927-2017,285/286|Львів|Дніпро-Головний|,23,ВІЛЬНОГІРСЬК,102,09:41,07:59,0,0
2026-09-27 20:17:37,285/286|Львів|Дніпро-Головний|@20260927-2017,285/286|Львів|Дніпро-Головний|,24,ВЕРХНЬОДНІПРОВСЬК,102,10:09,08:27,0,1
2026-09-27 20:17:37,285/286|Львів|Дніпро-Головний|@20260927-2017,285/286|Львів|Дніпро-Головний|,25,КАМ'ЯНСЬКЕ-ПАС.,102,10:28,08:46,0,0
2026-09-27 20:17:37,285/286|Львів|Дніпро-Головний|@20260927-2017,285/286|Львів|Дніпро-Головний|,26,ДНІПРО-ГОЛОВНИЙ,102,11:02,09:20,0,1
2026-09-27 20:17:37,1/2|Харків-Пас.|Рахів|@20260927-2017,1/2|Харків-Пас.|Рахів|,0,ХАРКІВ-ПАС.,,,,1,1
2026-09-27 20:17:37,1/2|Харків-Пас.|Рахів|@20260927-2017,1/2|Харків-Пас.|Рахів|,1,ПОЛТАВА-КИЇВСЬКА,-1,17:00,17:01,1,1
2026-09-27 20:17:37,1/2|Харків-Пас.|Рахів|@20260927-2017,1/2|Харків-Пас.|Рахів|,2,МИРГОРОД,-8,18:23,18:31,1,0
2026-09-27 20:17:37,1/2|Харків-Пас.|Рахів|@20260927-2017,1/2|Харків-Пас.|Рахів|,3,КИЇВ-ПАС.,90,22:47,21:17,0,1
2026-09-27 20:17:37,1/2|Харків-Пас.|Рахів|@20260927-2017,1/2|Харків-Пас.|Рахів|,4,ЛЬВІВ,90,05:22,03:52,0,1
2026-09-27 20:17:37,1/2|Харків-Пас.|Рахів|@20260927-2017,1/2|Харків-Пас.|Рахів|,5,ІВАНО-ФРАНКІВСЬК,90,07:47,06:17,0,0
2026-09-27 20:17:37,1/2|Харків-Пас.|Рахів|@20260927-2017,1/2|Харків-Пас.|Рахів|,6,ЯРЕМЧЕ,90,09:28,07:58,0,0
2026-09-27 20:17:37,1/2|Харків-Пас.|Рахів|@20260927-2017,1/2|Харків-Пас.|Рахів|,7,ТАТАРІВ-БУКОВЕЛЬ,90,09:53,08:23,0,0
2026-09-27 20:17:37,1/2|Харків-Пас.|Рахів|@20260927-2017,1/2|Харків-Пас.|Рахів|,8,ВОРОХТА,90,10:07,08:37,0,0
2026-09-27 20:17:37,1/2|Харків-Пас.|Рахів|@20260927-2017,1/2|Харків-Пас.|Рахів|,9,ЯСІНЯ,90,10:41,09:11,0,0
2026-09-27 20:17:37,1/2|Харків-Пас.|Рахів|@20260927-2017,1/2|Харків-Пас.|Рахів|,10,КВАСИ,90,11:05,09:35,0,0
2026-09-27 20:17:37,1/2|Харків-Пас.|Рахів|@20260927-2017,1/2|Харків-Пас.|Рахів|,11,РАХІВ,90,11:25,09:55,0,0
2026-09-27 20:17:37,17/18|Харків-Пас.|Ужгород|@20260927-2017,17/18|Харків-Пас.|Ужгород|,0,ХАРКІВ-ПАС.,,,,1,1
2026-09-27 20:17:37,17/18|Харків-Пас.|Ужгород|@20260927-2017,17/18|Харків-Пас.|Ужгород|,1,ПОЛТАВА-КИЇВСЬКА,-4,16:36,16:40,1,1
2026-09-27 20:17:37,17/18|Харків-Пас.|Ужгород|@20260927-2017,17/18|Харків-Пас.|Ужгород|,2,МИЛАШЕНКОВЕ,3,18:32,18:29,1,0
2026-09-27 20:17:37,17/18|Харків-Пас.|Ужгород|@20260927-2017,17/18|Харків-Пас.|Ужгород|,3,МИРГОРОД,80,20:01,18:41,1,0
2026-09-27 20:17:37,17/18|Харків-Пас.|Ужгород|@20260927-2017,17/18|Харків-Пас.|Ужгород|,4,ЛУБНИ,,,19:26,1,0
2026-09-27 20:17:37,17/18|Харків-Пас.|Ужгород|@20260927-2017,17/18|Харків-Пас.|Ужгород|,5,КИЇВ-ПАС.,90,23:06,21:36,0,1
2026-09-27 20:17:37,17/18|Харків-Пас.|Ужгород|@20260927-2017,17/18|Харків-Пас.|Ужгород|,6,ЛЬВІВ,90,05:47,04:17,0,1
2026-09-27 20:17:37,17/18|Харків-Пас.|Ужгород|@20260927-2017,17/18|Харків-Пас.|Ужгород|,7,СЛАВСЬКО,90,08:02,06:32,0,0
2026-09-27 20:17:37,17/18|Харків-Пас.|Ужгород|@20260927-2017,17/18|Харків-Пас.|Ужгород|,8,ВОЛОВЕЦЬ,90,08:50,07:20,0,0
2026-09-27 20:17:37,17/18|Харків-Пас.|Ужгород|@20260927-2017,17/18|Харків-Пас.|Ужгород|,9,СВАЛЯВА,90,09:21,07:51,0,0
2026-09-27 20:17:37,17/18|Харків-Пас.|Ужгород|@20260927-2017,17/18|Харків-Пас.|Ужгород|,10,МУКАЧЕВО,90,09:46,08:16,0,0
2026-09-27 20:17:37,17/18|Харків-Пас.|Ужгород|@20260927-2017,17/18|Харків-Пас.|Ужгород|,11,УЖГОРОД,90,11:00,09:30,0,0
2026-09-27 20:17:37,793/794|Київ-Пас.|Черкаси|27.09@20260927-2017,793/794|Київ-Пас.|Черкаси|27.09,0,КИЇВ-ПАС.,81,,,1,1
2026-09-27 20:17:37,793/794|Київ-Пас.|Черкаси|27.09@20260927-2017,793/794|Київ-Пас.|Черкаси|27.09,1,КИЇВ-ДЕМІЇВСЬКИЙ,82,18:17,16:55,1,1
2026-09-27 20:17:37,793/794|Київ-Пас.|Черкаси|27.09@20260927-2017,793/794|Київ-Пас.|Черкаси|27.09,2,ВИДУБИЧІ-ТРИПІЛЬСЬКІ,,,16:58,1,0
2026-09-27 20:17:37,793/794|Київ-Пас.|Черкаси|27.09@20260927-2017,793/794|Київ-Пас.|Черкаси|27.09,3,КОРСУНЬ,,,18:30,1,0
2026-09-27 20:17:37,793/794|Київ-Пас.|Черкаси|27.09@20260927-2017,793/794|Київ-Пас.|Черкаси|27.09,4,ГОРОДИЩЕ,,,18:52,1,0
2026-09-27 20:17:37,793/794|Київ-Пас.|Черкаси|27.09@20260927-2017,793/794|Київ-Пас.|Черкаси|27.09,5,ЦВІТКОВЕ,,,19:07,1,0
2026-09-27 20:17:37,793/794|Київ-Пас.|Черкаси|27.09@20260927-2017,793/794|Київ-Пас.|Черкаси|27.09,6,ІМ.ТАРАСА ШЕВЧЕНКА,,,19:37,1,0
2026-09-27 20:17:37,793/794|Київ-Пас.|Черкаси|27.09@20260927-2017,793/794|Київ-Пас.|Черкаси|27.09,7,ЦЕНТРАЛЬНА,86,21:28,20:02,0,0
2026-09-27 20:17:37,793/794|Київ-Пас.|Черкаси|27.09@20260927-2017,793/794|Київ-Пас.|Черкаси|27.09,8,ЧЕРКАСИ,86,22:16,20:50,0,0
2026-09-27 20:17:37,353/354|Київ-Пас.|Кишинеу|@20260927-2017,353/354|Київ-Пас.|Кишинеу|,0,КИЇВ-ПАС.,,,,1,1
2026-09-27 20:17:37,353/354|Київ-Пас.|Кишинеу|@20260927-2017,353/354|Київ-Пас.|Кишинеу|,1,КИЇВ-ВОЛИНСЬКИЙ,1,16:51,16:50,1,1
2026-09-27 20:17:37,353/354|Київ-Пас.|Кишинеу|@20260927-2017,353/354|Київ-Пас.|Кишинеу|,2,КОЗЯТИН-1,79,19:46,18:27,1,0
2026-09-27 20:17:37,353/354|Київ-Пас.|Кишинеу|@20260927-2017,353/354|Київ-Пас.|Кишинеу|,3,ВІННИЦЯ,,,19:13,1,0
2026-09-27 20:17:37,353/354|Київ-Пас.|Кишинеу|@20260927-2017,353/354|Київ-Пас.|Кишинеу|,4,ЖМЕРИНКА-ПАС.,79,21:12,19:53,0,0
2026-09-27 20:17:37,353/354|Київ-Пас.|Кишинеу|@20260927-2017,353/354|Київ-Пас.|Кишинеу|,5,БАР,79,22:08,20:49,0,0
2026-09-27 20:17:37,353/354|Київ-Пас.|Кишинеу|@20260927-2017,353/354|Київ-Пас.|Кишинеу|,6,МОГИЛІВ-ПОДІЛЬСЬКИЙ,79,23:45,22:26,0,0
2026-09-27 20:17:37,353/354|Київ-Пас.|Кишинеу|@20260927-2017,353/354|Київ-Пас.|Кишинеу|,7,БЕЛЬЦЬ ОРАШ,79,06:33,05:14,0,0
2026-09-27 20:17:37,353/354|Київ-Пас.|Кишинеу|@20260927-2017,353/354|Київ-Пас.|Кишинеу|,8,КИШИНЕУ,79,11:23,10:04,0,0
2026-09-27 20:17:37,773/774|Конотоп-Пас.|Жмеринка-Пас.|27.09@20260927-2017,773/774|Конотоп-Пас.|Жмеринка-Пас.|27.09,0,КОНОТОП-ПАС.,63,,,1,0
2026-09-27 20:17:37,773/774|Конотоп-Пас.|Жмеринка-Пас.|27.09@20260927-2017,773/774|Конотоп-Пас.|Жмеринка-Пас.|27.09,1,БАХМАЧ-ПАС.,63,16:54,15:51,1,0
2026-09-27 20:17:37,773/774|Конотоп-Пас.|Жмеринка-Пас.|27.09@20260927-2017,773/774|Конотоп-Пас.|Жмеринка-Пас.|27.09,2,БАХМАЧ-КИЇВ.,63,17:01,15:58,1,1
2026-09-27 20:17:37,773/774|Конотоп-Пас.|Жмеринка-Пас.|27.09@20260927-2017,773/774|Конотоп-Пас.|Жмеринка-Пас.|27.09,3,ПЛИСКИ,93,17:54,16:21,1,0
2026-09-27 20:17:37,773/774|Конотоп-Пас.|Жмеринка-Пас.|27.09@20260927-2017,773/774|Конотоп-Пас.|Жмеринка-Пас.|27.09,4,НІЖИН,84,18:20,16:56,1,0
2026-09-27 20:17:37,773/774|Конотоп-Пас.|Жмеринка-Пас.|27.09@20260927-2017,773/774|Конотоп-Пас.|Жмеринка-Пас.|27.09,5,НОСІВКА,85,18:40,17:15,1,0
2026-09-27 20:17:37,773/774|Конотоп-Пас.|Жмеринка-Пас.|27.09@20260927-2017,773/774|Конотоп-Пас.|Жмеринка-Пас.|27.09,6,БРОВАРИ,75,19:21,18:06,1,0
2026-09-27 20:17:37,773/774|Конотоп-Пас.|Жмеринка-Пас.|27.09@20260927-2017,773/774|Конотоп-Пас.|Жмеринка-Пас.|27.09,7,ДАРНИЦЯ,75,19:36,18:21,1,0
2026-09-27 20:17:37,773/774|Конотоп-Пас.|Жмеринка-Пас.|27.09@20260927-2017,773/774|Конотоп-Пас.|Жмеринка-Пас.|27.09,8,ВИДУБИЧІ,,,18:33,1,0
2026-09-27 20:17:37,773/774|Конотоп-Пас.|Жмеринка-Пас.|27.09@20260927-2017,773/774|Конотоп-Пас.|Жмеринка-Пас.|27.09,9,КИЇВ-ПАС.,69,19:58,18:49,1,1
2026-09-27 20:17:37,773/774|Конотоп-Пас.|Жмеринка-Пас.|27.09@20260927-2017,773/774|Конотоп-Пас.|Жмеринка-Пас.|27.09,10,ВИШНЕВЕ,,,19:24,1,0
2026-09-27 20:17:37,773/774|Конотоп-Пас.|Жмеринка-Пас.|27.09@20260927-2017,773/774|Конотоп-Пас.|Жмеринка-Пас.|27.09,11,ФАСТІВ-1,75,21:42,20:27,0,0
2026-09-27 20:17:37,773/774|Конотоп-Пас.|Жмеринка-Пас.|27.09@20260927-2017,773/774|Конотоп-Пас.|Жмеринка-Пас.|27.09,12,КОЗЯТИН-1,75,22:49,21:34,0,0
2026-09-27 20:17:37,773/774|Конотоп-Пас.|Жмеринка-Пас.|27.09@20260927-2017,773/774|Конотоп-Пас.|Жмеринка-Пас.|27.09,13,КАЛИНІВКА-1,75,23:24,22:09,0,0
2026-09-27 20:17:37,773/774|Конотоп-Пас.|Жмеринка-Пас.|27.09@20260927-2017,773/774|Конотоп-Пас.|Жмеринка-Пас.|27.09,14,ВІННИЦЯ,75,23:45,22:30,0,0
2026-09-27 20:17:37,773/774|Конотоп-Пас.|Жмеринка-Пас.|27.09@20260927-2017,773/774|Конотоп-Пас.|Жмеринка-Пас.|27.09,15,ГНІВАНЬ,75,00:07,22:52,0,0
2026-09-27 20:17:37,773/774|Конотоп-Пас.|Жмеринка-Пас.|27.09@20260927-2017,773/774|Конотоп-Пас.|Жмеринка-Пас.|27.09,16,ЖМЕРИНКА-ПАС.,75,00:31,23:16,0,0
2026-09-27 20:17:37,237/238|Київ-Пас.|Ужгород|@20260927-2017,237/238|Київ-Пас.|Ужгород|,0,КИЇВ-ПАС.,74,,,1,1
2026-09-27 20:17:37,237/238|Київ-Пас.|Ужгород|@20260927-2017,237/238|Київ-Пас.|Ужгород|,1,ФАСТІВ-1,72,18:58,17:46,1,0
2026-09-27 20:17:37,237/238|Київ-Пас.|Ужгород|@20260927-2017,237/238|Київ-Пас.|Ужгород|,2,КОЗЯТИН-1,75,20:06,18:51,1,0
2026-09-27 20:17:37,237/238|Київ-Пас.|Ужгород|@20260927-2017,237/238|Київ-Пас.|Ужгород|,3,ВІННИЦЯ,,,19:40,1,0
2026-09-27 20:17:37,237/238|Київ-Пас.|Ужгород|@20260927-2017,237/238|Київ-Пас.|Ужгород|,4,ХМЕЛЬНИЦЬКИЙ,74,22:43,21:29,0,0
2026-09-27 20:17:37,237/238|Київ-Пас.|Ужгород|@20260927-2017,237/238|Київ-Пас.|Ужгород|,5,ГРЕЧАНИ,74,22:54,21:40,0,0
2026-09-27 20:17:37,237/238|Київ-Пас.|Ужгород|@20260927-2017,237/238|Київ-Пас.|Ужгород|,6,ТЕРНОПІЛЬ-ПАС.,74,00:29,23:15,0,0
2026-09-27 20:17:37,237/238|Київ-Пас.|Ужгород|@20260927-2017,237/238|Київ-Пас.|Ужгород|,7,ЗЛОЧІВ,74,01:28,00:14,0,0
2026-09-27 20:17:37,237/238|Київ-Пас.|Ужгород|@20260927-2017,237/238|Київ-Пас.|Ужгород|,8,ЛЬВІВ,74,02:31,01:17,0,1
2026-09-27 20:17:37,237/238|Київ-Пас.|Ужгород|@20260927-2017,237/238|Київ-Пас.|Ужгород|,9,СТРИЙ,74,03:56,02:42,0,0
2026-09-27 20:17:37,237/238|Київ-Пас.|Ужгород|@20260927-2017,237/238|Київ-Пас.|Ужгород|,10,СКОЛЕ,74,04:27,03:13,0,0
2026-09-27 20:17:37,237/238|Київ-Пас.|Ужгород|@20260927-2017,237/238|Київ-Пас.|Ужгород|,11,СЛАВСЬКО,74,04:57,03:43,0,0
2026-09-27 20:17:37,237/238|Київ-Пас.|Ужгород|@20260927-2017,237/238|Київ-Пас.|Ужгород|,12,ЛАВОЧНЕ,74,05:10,03:56,0,0
2026-09-27 20:17:37,237/238|Київ-Пас.|Ужгород|@20260927-2017,237/238|Київ-Пас.|Ужгород|,13,ВОЛОВЕЦЬ,74,05:56,04:42,0,0
2026-09-27 20:17:37,237/238|Київ-Пас.|Ужгород|@20260927-2017,237/238|Київ-Пас.|Ужгород|,14,СВАЛЯВА,74,06:36,05:22,0,0
2026-09-27 20:17:37,237/238|Київ-Пас.|Ужгород|@20260927-2017,237/238|Київ-Пас.|Ужгород|,15,КАРПАТИ,74,06:47,05:33,0,0
2026-09-27 20:17:37,237/238|Київ-Пас.|Ужгород|@20260927-2017,237/238|Київ-Пас.|Ужгород|,16,МУКАЧЕВО,74,07:05,05:51,0,0
2026-09-27 20:17:37,237/238|Київ-Пас.|Ужгород|@20260927-2017,237/238|Київ-Пас.|Ужгород|,17,БАТЬОВО-ПАС.,74,07:38,06:24,0,0
2026-09-27 20:17:37,237/238|Київ-Пас.|Ужгород|@20260927-2017,237/238|Київ-Пас.|Ужгород|,18,УЖГОРОД,74,08:48,07:34,0,0
2026-09-27 20:17:37,13/14|Київ-Пас.|Солотвино-1|@20260927-2017,13/14|Київ-Пас.|Солотвино-1|,0,КИЇВ-ПАС.,74,,,1,1
2026-09-27 20:17:37,13/14|Київ-Пас.|Солотвино-1|@20260927-2017,13/14|Київ-Пас.|Солотвино-1|,1,ФАСТІВ-1,72,18:58,17:46,1,0
2026-09-27 20:17:37,13/14|Київ-Пас.|Солотвино-1|@20260927-2017,13/14|Київ-Пас.|Солотвино-1|,2,КОЗЯТИН-1,75,20:06,18:51,1,0
2026-09-27 20:17:37,13/14|Київ-Пас.|Солотвино-1|@20260927-2017,13/14|Київ-Пас.|Солотвино-1|,3,ВІННИЦЯ,,,19:40,1,0
2026-09-27 20:17:37,13/14|Київ-Пас.|Солотвино-1|@20260927-2017,13/14|Київ-Пас.|Солотвино-1|,4,ХМЕЛЬНИЦЬКИЙ,74,22:43,21:29,0,0
2026-09-27 20:17:37,13/14|Київ-Пас.|Солотвино-1|@20260927-2017,13/14|Київ-Пас.|Солотвино-1|,5,ГРЕЧАНИ,74,22:54,21:40,0,0
2026-09-27 20:17:37,13/14|Київ-Пас.|Солотвино-1|@20260927-2017,13/14|Київ-Пас.|Солотвино-1|,6,ТЕРНОПІЛЬ-ПАС.,74,00:29,23:15,0,0
2026-09-27 20:17:37,13/14|Київ-Пас.|Солотвино-1|@20260927-2017,13/14|Київ-Пас.|Солотвино-1|,7,ЗЛОЧІВ,74,01:28,00:14,0,0
2026-09-27 20:17:37,13/14|Київ-Пас.|Солотвино-1|@20260927-2017,13/14|Київ-Пас.|Солотвино-1|,8,ЛЬВІВ,74,02:31,01:17,0,1
2026-09-27 20:17:37,13/14|Київ-Пас.|Солотвино-1|@20260927-2017,13/14|Київ-Пас.|Солотвино-1|,9,СТРИЙ,74,03:56,02:42,0,0
2026-09-27 20:17:37,13/14|Київ-Пас.|Солотвино-1|@20260927-2017,13/14|Київ-Пас.|Солотвино-1|,10,СКОЛЕ,74,04:27,03:13,0,0
2026-09-27 20:17:37,13/14|Київ-Пас.|Солотвино-1|@20260927-2017,13/14|Київ-Пас.|Солотвино-1|,11,СЛАВСЬКО,74,04:57,03:43,0,0
2026-09-27 20:17:37,13/14|Київ-Пас.|Солотвино-1|@20260927-2017,13/14|Київ-Пас.|Солотвино-1|,12,ЛАВОЧНЕ,74,05:10,03:56,0,0
2026-09-27 20:17:37,13/14|Київ-Пас.|Солотвино-1|@20260927-2017,13/14|Київ-Пас.|Солотвино-1|,13,ВОЛОВЕЦЬ,74,05:56,04:42,0,0
2026-09-27 20:17:37,13/14|Київ-Пас.|Солотвино-1|@20260927-2017,13/14|Київ-Пас.|Солотвино-1|,14,СВАЛЯВА,74,06:36,05:22,0,0
2026-09-27 20:17:37,13/14|Київ-Пас.|Солотвино-1|@20260927-2017,13/14|Київ-Пас.|Солотвино-1|,15,КАРПАТИ,74,06:47,05:33,0,0
2026-09-27 20:17:37,13/14|Київ-Пас.|Солотвино-1|@20260927-2017,13/14|Київ-Пас.|Солотвино-1|,16,МУКАЧЕВО,74,07:05,05:51,0,0
2026-09-27 20:17:37,13/14|Київ-Пас.|Солотвино-1|@20260927-2017,13/14|Київ-Пас.|Солотвино-1|,17,БАТЬОВО-ПАС.,74,07:38,06:24,0,0
2026-09-27 20:17:37,13/14|Київ-Пас.|Солотвино-1|@20260927-2017,13/14|Київ-Пас.|Солотвино-1|,18,КОСИНИ,74,08:17,07:03,0,0
2026-09-27 20:17:37,13/14|Київ-Пас.|Солотвино-1|@20260927-2017,13/14|Київ-Пас.|Солотвино-1|,19,БЕРЕГОВЕ,74,08:36,07:22,0,0
2026-09-27 20:17:37,13/14|Київ-Пас.|Солотвино-1|@20260927-2017,13/14|Київ-Пас.|Солотвино-1|,20,ВИНОГРАДІВ-ЗАКАРПАТСЬКИЙ,74,09:16,08:02,0,0
2026-09-27 20:17:37,13/14|Київ-Пас.|Солотвино-1|@20260927-2017,13/14|Київ-Пас.|Солотвино-1|,21,КОРОЛЕВО,74,09:35,08:21,0,0
2026-09-27 20:17:37,13/14|Київ-Пас.|Солотвино-1|@20260927-2017,13/14|Київ-Пас.|Солотвино-1|,22,ХУСТ,74,10:10,08:56,0,0
2026-09-27 20:17:37,13/14|Київ-Пас.|Солотвино-1|@20260927-2017,13/14|Київ-Пас.|Солотвино-1|,23,БУШТИНА,74,10:43,09:29,0,0
2026-09-27 20:17:37,13/14|Київ-Пас.|Солотвино-1|@20260927-2017,13/14|Київ-Пас.|Солотвино-1|,24,ТЯЧІВ,74,10:55,09:41,0,0
2026-09-27 20:17:37,13/14|Київ-Пас.|Солотвино-1|@20260927-2017,13/14|Київ-Пас.|Солотвино-1|,25,ТЕРЕСВА,74,11:16,10:02,0,0
2026-09-27 20:17:37,13/14|Київ-Пас.|Солотвино-1|@20260927-2017,13/14|Київ-Пас.|Солотвино-1|,26,СОЛОТВИНО-ЛІКАР.,74,11:49,10:35,0,0
2026-09-27 20:17:37,13/14|Київ-Пас.|Солотвино-1|@20260927-2017,13/14|Київ-Пас.|Солотвино-1|,27,СОЛОТВИНО-1,74,12:04,10:50,0,0
2026-09-27 20:17:37,3/4|Дніпро-Головний|Ужгород|@20260927-2017,3/4|Дніпро-Головний|Ужгород|,0,ДНІПРО-ГОЛОВНИЙ,32,,,1,1
2026-09-27 20:17:37,3/4|Дніпро-Головний|Ужгород|@20260927-2017,3/4|Дніпро-Головний|Ужгород|,1,КАМ'ЯНСЬКЕ-ПАС.,51,17:48,16:57,1,0
2026-09-27 20:17:37,3/4|Дніпро-Головний|Ужгород|@20260927-2017,3/4|Дніпро-Головний|Ужгород|,2,П'ЯТИХАТКИ,69,19:07,17:58,1,0
2026-09-27 20:17:37,3/4|Дніпро-Головний|Ужгород|@20260927-2017,3/4|Дніпро-Головний|Ужгород|,3,ОЛЕКСАНДРІЯ,,,19:14,1,0
2026-09-27 20:17:37,3/4|Дніпро-Головний|Ужгород|@20260927-2017,3/4|Дніпро-Головний|Ужгород|,4,ЗНАМ'ЯНКА-ПАС.,70,21:03,19:53,0,0
2026-09-27 20:17:37,3/4|Дніпро-Головний|Ужгород|@20260927-2017,3/4|Дніпро-Головний|Ужгород|,5,ІМ.ТАРАСА ШЕВЧЕНКА,70,22:15,21:05,0,0
2026-09-27 20:17:37,3/4|Дніпро-Головний|Ужгород|@20260927-2017,3/4|Дніпро-Головний|Ужгород|,6,БІЛА ЦЕРКВА,70,00:25,23:15,0,0
2026-09-27 20:17:37,3/4|Дніпро-Головний|Ужгород|@20260927-2017,3/4|Дніпро-Головний|Ужгород|,7,БЕРДИЧІВ,70,02:35,01:25,0,0
2026-09-27 20:17:37,3/4|Дніпро-Головний|Ужгород|@20260927-2017,3/4|Дніпро-Головний|Ужгород|,8,ЛЬВІВ,70,06:57,05:47,0,1
2026-09-27 20:17:37,3/4|Дніпро-Головний|Ужгород|@20260927-2017,3/4|Дніпро-Головний|Ужгород|,9,СТРИЙ,70,08:21,07:11,0,0
2026-09-27 20:17:37,3/4|Дніпро-Головний|Ужгород|@20260927-2017,3/4|Дніпро-Головний|Ужгород|,10,СЛАВСЬКО,70,09:18,08:08,0,0
2026-09-27 20:17:37,3/4|Дніпро-Головний|Ужгород|@20260927-2017,3/4|Дніпро-Головний|Ужгород|,11,ВОЛОВЕЦЬ,70,10:08,08:58,0,0
2026-09-27 20:17:37,3/4|Дніпро-Головний|Ужгород|@20260927-2017,3/4|Дніпро-Головний|Ужгород|,12,СВАЛЯВА,70,10:39,09:29,0,0
2026-09-27 20:17:37,3/4|Дніпро-Головний|Ужгород|@20260927-2017,3/4|Дніпро-Головний|Ужгород|,13,МУКАЧЕВО,70,11:05,09:55,0,0
2026-09-27 20:17:37,3/4|Дніпро-Головний|Ужгород|@20260927-2017,3/4|Дніпро-Головний|Ужгород|,14,УЖГОРОД,70,12:20,11:10,0,0
2026-09-27 20:17:37,31/32|Запоріжжя-1|Перемишль|@20260927-2017,31/32|Запоріжжя-1|Перемишль|,0,ЗАПОРІЖЖЯ-1,,,13:55,1,0
2026-09-27 20:17:37,31/32|Запоріжжя-1|Перемишль|@20260927-2017,31/32|Запоріжжя-1|Перемишль|,1,СИНЕЛЬНИКОВЕ-1,,,14:52,1,0
2026-09-27 20:17:37,31/32|Запоріжжя-1|Перемишль|@20260927-2017,31/32|Запоріжжя-1|Перемишль|,2,ДНІПРО-ГОЛОВНИЙ,32,16:12,15:40,1,1
2026-09-27 20:17:37,31/32|Запоріжжя-1|Перемишль|@20260927-2017,31/32|Запоріжжя-1|Перемишль|,3,КАМ'ЯНСЬКЕ-ПАС.,51,17:48,16:57,1,0
2026-09-27 20:17:37,31/32|Запоріжжя-1|Перемишль|@20260927-2017,31/32|Запоріжжя-1|Перемишль|,4,П'ЯТИХАТКИ,69,19:07,17:58,1,0
2026-09-27 20:17:37,31/32|Запоріжжя-1|Перемишль|@20260927-2017,31/32|Запоріжжя-1|Перемишль|,5,ОЛЕКСАНДРІЯ,,,19:14,1,0
2026-09-27 20:17:37,31/32|Запоріжжя-1|Перемишль|@20260927-2017,31/32|Запоріжжя-1|Перемишль|,6,ЗНАМ'ЯНКА-ПАС.,70,21:03,19:53,0,0
2026-09-27 20:17:37,31/32|Запоріжжя-1|Перемишль|@20260927-2017,31/32|Запоріжжя-1|Перемишль|,7,ІМ.ТАРАСА ШЕВЧЕНКА,70,22:15,21:05,0,0
2026-09-27 20:17:37,31/32|Запоріжжя-1|Перемишль|@20260927-2017,31/32|Запоріжжя-1|Перемишль|,8,БІЛА ЦЕРКВА,70,00:25,23:15,0,0
2026-09-27 20:17:37,31/32|Запоріжжя-1|Перемишль|@20260927-2017,31/32|Запоріжжя-1|Перемишль|,9,БЕРДИЧІВ,70,02:35,01:25,0,0
2026-09-27 20:17:37,31/32|Запоріжжя-1|Перемишль|@20260927-2017,31/32|Запоріжжя-1|Перемишль|,10,ЛЬВІВ,70,06:57,05:47,0,1
2026-09-27 20:17:37,31/32|Запоріжжя-1|Перемишль|@20260927-2017,31/32|Запоріжжя-1|Перемишль|,11,ПЕРЕМИШЛЬ,70,10:29,09:19,0,0
2026-09-27 20:17:37,789/790|Київ-Пас.|Кропивницький|@20260927-2017,789/790|Київ-Пас.|Кропивницький|,0,КИЇВ-ПАС.,57,,,1,1
2026-09-27 20:17:37,789/790|Київ-Пас.|Кропивницький|@20260927-2017,789/790|Київ-Пас.|Кропивницький|,1,КИЇВ-ДЕМІЇВСЬКИЙ,56,18:23,17:27,1,1
2026-09-27 20:17:37,789/790|Київ-Пас.|Кропивницький|@20260927-2017,789/790|Київ-Пас.|Кропивницький|,2,КОРСУНЬ,,,18:57,1,0
2026-09-27 20:17:37,789/790|Київ-Пас.|Кропивницький|@20260927-2017,789/790|Київ-Пас.|Кропивницький|,3,ГОРОДИЩЕ,,,19:17,1,0
2026-09-27 20:17:37,789/790|Київ-Пас.|Кропивницький|@20260927-2017,789/790|Київ-Пас.|Кропивницький|,4,ІМ.ТАРАСА ШЕВЧЕНКА,64,20:58,19:54,0,0
2026-09-27 20:17:37,789/790|Київ-Пас.|Кропивницький|@20260927-2017,789/790|Київ-Пас.|Кропивницький|,5,ЧОРНОЛІСЬКА,64,21:57,20:53,0,0
2026-09-27 20:17:37,789/790|Київ-Пас.|Кропивницький|@20260927-2017,789/790|Київ-Пас.|Кропивницький|,6,ЗАХІДНИЙ,64,22:04,21:00,0,0
2026-09-27 20:17:37,789/790|Київ-Пас.|Кропивницький|@20260927-2017,789/790|Київ-Пас.|Кропивницький|,7,ЗНАМ'ЯНКА,64,22:07,21:03,0,0
2026-09-27 20:17:37,789/790|Київ-Пас.|Кропивницький|@20260927-2017,789/790|Київ-Пас.|Кропивницький|,8,ЗНАМ'ЯНКА-ПАС.,64,22:11,21:07,0,0
2026-09-27 20:17:37,789/790|Київ-Пас.|Кропивницький|@20260927-2017,789/790|Київ-Пас.|Кропивницький|,9,КРОПИВНИЦЬКИЙ,64,23:19,22:15,0,0
2026-09-27 20:17:37,791/792|Київ-Пас.|Кременчук-Пас.|@20260927-2017,791/792|Київ-Пас.|Кременчук-Пас.|,0,КИЇВ-ПАС.,57,,,1,1
2026-09-27 20:17:37,791/792|Київ-Пас.|Кременчук-Пас.|@20260927-2017,791/792|Київ-Пас.|Кременчук-Пас.|,1,КИЇВ-ДЕМІЇВСЬКИЙ,56,18:23,17:27,1,1
2026-09-27 20:17:37,791/792|Київ-Пас.|Кременчук-Пас.|@20260927-2017,791/792|Київ-Пас.|Кременчук-Пас.|,2,КОРСУНЬ,,,18:57,1,0
2026-09-27 20:17:37,791/792|Київ-Пас.|Кременчук-Пас.|@20260927-2017,791/792|Київ-Пас.|Кременчук-Пас.|,3,ГОРОДИЩЕ,,,19:17,1,0
2026-09-27 20:17:37,791/792|Київ-Пас.|Кременчук-Пас.|@20260927-2017,791/792|Київ-Пас.|Кременчук-Пас.|,4,ІМ.ТАРАСА ШЕВЧЕНКА,63,20:57,19:54,0,0
2026-09-27 20:17:37,791/792|Київ-Пас.|Кременчук-Пас.|@20260927-2017,791/792|Київ-Пас.|Кременчук-Пас.|,5,ЗНАМ'ЯНКА-ПАС.,63,22:10,21:07,0,0
2026-09-27 20:17:37,791/792|Київ-Пас.|Кременчук-Пас.|@20260927-2017,791/792|Київ-Пас.|Кременчук-Пас.|,6,КРЕМЕНЧУК-ПАС.,63,23:45,22:42,0,0
2026-09-27 20:17:37,763/764|Київ-Пас.|Одеса-Головна|@20260927-2017,763/764|Київ-Пас.|Одеса-Головна|,0,КИЇВ-ПАС.,,,14:34,1,1
2026-09-27 20:17:37,763/764|Київ-Пас.|Одеса-Головна|@20260927-2017,763/764|Київ-Пас.|Одеса-Головна|,1,КОЗЯТИН-1,,,16:15,1,0
2026-09-27 20:17:37,763/764|Київ-Пас.|Одеса-Головна|@20260927-2017,763/764|Київ-Пас.|Одеса-Головна|,2,КАЛИНІВКА-1,,,16:45,1,0
2026-09-27 20:17:37,763/764|Київ-Пас.|Одеса-Головна|@20260927-2017,763/764|Київ-Пас.|Одеса-Головна|,3,ВІННИЦЯ,,,17:04,1,0
2026-09-27 20:17:37,763/764|Київ-Пас.|Одеса-Головна|@20260927-2017,763/764|Київ-Пас.|Одеса-Головна|,4,ЖМЕРИНКА-ПАС.,59,18:40,17:41,1,0
2026-09-27 20:17:37,763/764|Київ-Пас.|Одеса-Головна|@20260927-2017,763/764|Київ-Пас.|Одеса-Головна|,5,ВАПНЯРКА,61,,,1,0
2026-09-27 20:17:37,763/764|Київ-Пас.|Одеса-Головна|@20260927-2017,763/764|Київ-Пас.|Одеса-Головна|,6,КОДИМА,,,19:31,1,0
2026-09-27 20:17:37,763/764|Київ-Пас.|Одеса-Головна|@20260927-2017,763/764|Київ-Пас.|Одеса-Головна|,7,ПОДІЛЬСЬК,62,21:14,20:12,0,0
2026-09-27 20:17:37,763/764|Київ-Пас.|Одеса-Головна|@20260927-2017,763/764|Київ-Пас.|Одеса-Головна|,8,ОДЕСА-ГОЛОВНА,62,23:30,22:28,0,1
2026-09-27 20:17:37,85/86|Дніпро-Головний|Львів|@20260927-2017,85/86|Дніпро-Головний|Львів|,0,ДНІПРО-ГОЛОВНИЙ,51,,,1,1
2026-09-27 20:17:37,85/86|Дніпро-Головний|Львів|@20260927-2017,85/86|Дніпро-Головний|Львів|,1,КАМ'ЯНСЬКЕ-ПАС.,57,17:27,16:30,1,0
2026-09-27 20:17:37,85/86|Дніпро-Головний|Львів|@20260927-2017,85/86|Дніпро-Головний|Львів|,2,П'ЯТИХАТКИ,64,18:52,17:48,1,0
2026-09-27 20:17:37,85/86|Дніпро-Головний|Львів|@20260927-2017,85/86|Дніпро-Головний|Львів|,3,ОЛЕКСАНДРІЯ,64,20:09,19:05,1,0
2026-09-27 20:17:37,85/86|Дніпро-Головний|Львів|@20260927-2017,85/86|Дніпро-Головний|Львів|,4,ЗНАМ'ЯНКА-ПАС.,58,20:44,19:46,0,0
2026-09-27 20:17:37,85/86|Дніпро-Головний|Львів|@20260927-2017,85/86|Дніпро-Головний|Львів|,5,ІМ.ТАРАСА ШЕВЧЕНКА,58,22:16,21:18,0,0
2026-09-27 20:17:37,85/86|Дніпро-Головний|Львів|@20260927-2017,85/86|Дніпро-Головний|Львів|,6,БІЛА ЦЕРКВА,58,00:39,23:41,0,0
2026-09-27 20:17:37,85/86|Дніпро-Головний|Львів|@20260927-2017,85/86|Дніпро-Головний|Львів|,7,БЕРДИЧІВ,58,02:43,01:45,0,0
2026-09-27 20:17:37,85/86|Дніпро-Головний|Львів|@20260927-2017,85/86|Дніпро-Головний|Львів|,8,ЛЬВІВ,58,07:00,06:02,0,1
2026-09-27 20:17:37,5/6|Запоріжжя-1|Ясіня|@20260927-2017,5/6|Запоріжжя-1|Ясіня|,0,ЗАПОРІЖЖЯ-1,,,13:55,1,0
2026-09-27 20:17:37,5/6|Запоріжжя-1|Ясіня|@20260927-2017,5/6|Запоріжжя-1|Ясіня|,1,СИНЕЛЬНИКОВЕ-1,,,14:52,1,0
2026-09-27 20:17:37,5/6|Запоріжжя-1|Ясіня|@20260927-2017,5/6|Запоріжжя-1|Ясіня|,2,ДНІПРО-ГОЛОВНИЙ,51,16:31,15:40,1,1
2026-09-27 20:17:37,5/6|Запоріжжя-1|Ясіня|@20260927-2017,5/6|Запоріжжя-1|Ясіня|,3,КАМ'ЯНСЬКЕ-ПАС.,57,17:27,16:30,1,0
2026-09-27 20:17:37,5/6|Запоріжжя-1|Ясіня|@20260927-2017,5/6|Запоріжжя-1|Ясіня|,4,П'ЯТИХАТКИ,64,18:52,17:48,1,0
2026-09-27 20:17:37,5/6|Запоріжжя-1|Ясіня|@20260927-2017,5/6|Запоріжжя-1|Ясіня|,5,ОЛЕКСАНДРІЯ,64,20:09,19:05,1,0
2026-09-27 20:17:37,5/6|Запоріжжя-1|Ясіня|@20260927-2017,5/6|Запоріжжя-1|Ясіня|,6,ЗНАМ'ЯНКА-ПАС.,58,20:44,19:46,0,0
2026-09-27 20:17:37,5/6|Запоріжжя-1|Ясіня|@20260927-2017,5/6|Запоріжжя-1|Ясіня|,7,ІМ.ТАРАСА ШЕВЧЕНКА,58,22:16,21:18,0,0
2026-09-27 20:17:37,5/6|Запоріжжя-1|Ясіня|@20260927-2017,5/6|Запоріжжя-1|Ясіня|,8,БІЛА ЦЕРКВА,58,00:39,23:41,0,0
2026-09-27 20:17:37,5/6|Запоріжжя-1|Ясіня|@20260927-2017,5/6|Запоріжжя-1|Ясіня|,9,БЕРДИЧІВ,58,02:43,01:45,0,0
2026-09-27 20:17:37,5/6|Запоріжжя-1|Ясіня|@20260927-2017,5/6|Запоріжжя-1|Ясіня|,10,ЛЬВІВ,58,07:00,06:02,0,1
2026-09-27 20:17:37,5/6|Запоріжжя-1|Ясіня|@20260927-2017,5/6|Запоріжжя-1|Ясіня|,11,ІВАНО-ФРАНКІВСЬК,58,09:45,08:47,0,0
2026-09-27 20:17:37,5/6|Запоріжжя-1|Ясіня|@20260927-2017,5/6|Запоріжжя-1|Ясіня|,12,ЯРЕМЧЕ,58,11:35,10:37,0,0
2026-09-27 20:17:37,5/6|Запоріжжя-1|Ясіня|@20260927-2017,5/6|Запоріжжя-1|Ясіня|,13,ТАТАРІВ-БУКОВЕЛЬ,58,12:12,11:14,0,0
2026-09-27 20:17:37,5/6|Запоріжжя-1|Ясіня|@20260927-2017,5/6|Запоріжжя-1|Ясіня|,14,ВОРОХТА,58,12:26,11:28,0,0
2026-09-27 20:17:37,5/6|Запоріжжя-1|Ясіня|@20260927-2017,5/6|Запоріжжя-1|Ясіня|,15,ЯСІНЯ,58,13:06,12:08,0,0
2026-09-27 20:17:37,63/64|Перемишль|Харків-Пас.|@20260927-2017,63/64|Перемишль|Харків-Пас.|,0,ПЕРЕМИШЛЬ,32,,,1,0
2026-09-27 20:17:37,63/64|Перемишль|Харків-Пас.|@20260927-2017,63/64|Перемишль|Харків-Пас.|,1,ЛЬВІВ,24,14:37,14:13,1,1
2026-09-27 20:17:37,63/64|Перемишль|Харків-Пас.|@20260927-2017,63/64|Перемишль|Харків-Пас.|,2,СЛАВУТА-1,42,17:56,17:14,1,0
2026-09-27 20:17:37,63/64|Перемишль|Харків-Пас.|@20260927-2017,63/64|Перемишль|Харків-Пас.|,3,КИЇВ-ПАС.,56,21:53,20:57,0,1
2026-09-27 20:17:37,63/64|Перемишль|Харків-Пас.|@20260927-2017,63/64|Перемишль|Харків-Пас.|,4,ДАРНИЦЯ,56,23:13,22:17,0,0
2026-09-27 20:17:37,63/64|Перемишль|Харків-Пас.|@20260927-2017,63/64|Перемишль|Харків-Пас.|,5,ГРЕБІНКА,56,00:41,23:45,0,0
2026-09-27 20:17:37,63/64|Перемишль|Харків-Пас.|@20260927-2017,63/64|Перемишль|Харків-Пас.|,6,РОМОДАН,56,01:50,00:54,0,0
2026-09-27 20:17:37,63/64|Перемишль|Харків-Пас.|@20260927-2017,63/64|Перемишль|Харків-Пас.|,7,МИРГОРОД,56,02:20,01:24,0,0
2026-09-27 20:17:37,63/64|Перемишль|Харків-Пас.|@20260927-2017,63/64|Перемишль|Харків-Пас.|,8,ПОЛТАВА-КИЇВСЬКА,56,04:19,03:23,0,1
2026-09-27 20:17:37,63/64|Перемишль|Харків-Пас.|@20260927-2017,63/64|Перемишль|Харків-Пас.|,9,ЛЮБОТИН,56,06:27,05:31,0,0
2026-09-27 20:17:37,63/64|Перемишль|Харків-Пас.|@20260927-2017,63/64|Перемишль|Харків-Пас.|,10,ХАРКІВ-ПАС.,56,06:58,06:02,0,1
2026-09-27 20:17:37,9/10|Київ-Пас.|Будапешт-Келеті|@20260927-2017,9/10|Київ-Пас.|Будапешт-Келеті|,0,КИЇВ-ПАС.,41,,,1,1
2026-09-27 20:17:37,9/10|Київ-Пас.|Будапешт-Келеті|@20260927-2017,9/10|Київ-Пас.|Будапешт-Келеті|,1,ЛЬВІВ,60,17:22,16:22,1,1
2026-09-27 20:17:37,9/10|Київ-Пас.|Будапешт-Келеті|@20260927-2017,9/10|Київ-Пас.|Будапешт-Келеті|,2,МУКАЧЕВО,55,21:01,20:06,0,0
2026-09-27 20:17:37,9/10|Київ-Пас.|Будапешт-Келеті|@20260927-2017,9/10|Київ-Пас.|Будапешт-Келеті|,3,ЧОП,55,21:49,20:54,0,0
2026-09-27 20:17:37,127/128|Дніпро-Головний|Львів|@20260927-2017,127/128|Дніпро-Головний|Львів|,0,ДНІПРО-ГОЛОВНИЙ,58,,,1,1
2026-09-27 20:17:37,127/128|Дніпро-Головний|Львів|@20260927-2017,127/128|Дніпро-Головний|Львів|,1,КАМ'ЯНСЬКЕ-ПАС.,58,18:58,18:00,1,0
2026-09-27 20:17:37,127/128|Дніпро-Головний|Львів|@20260927-2017,127/128|Дніпро-Головний|Львів|,2,ВЕРХІВЦЕВЕ,53,19:30,18:37,1,0
2026-09-27 20:17:37,127/128|Дніпро-Головний|Львів|@20260927-2017,127/128|Дніпро-Головний|Львів|,3,П'ЯТИХАТКИ,37,20:05,19:28,1,0
2026-09-27 20:17:37,127/128|Дніпро-Головний|Львів|@20260927-2017,127/128|Дніпро-Головний|Львів|,4,ОЛЕКСАНДРІЯ,53,21:53,21:00,0,0
2026-09-27 20:17:37,127/128|Дніпро-Головний|Львів|@20260927-2017,127/128|Дніпро-Головний|Львів|,5,КОРИСТІВКА,53,22:05,21:12,0,0
2026-09-27 20:17:37,127/128|Дніпро-Головний|Львів|@20260927-2017,127/128|Дніпро-Головний|Львів|,6,ЗНАМ'ЯНКА-ПАС.,53,22:38,21:45,0,0
2026-09-27 20:17:37,127/128|Дніпро-Головний|Львів|@20260927-2017,127/128|Дніпро-Головний|Львів|,7,КРОПИВНИЦЬКИЙ,53,23:45,22:52,0,0
2026-09-27 20:17:37,127/128|Дніпро-Головний|Львів|@20260927-2017,127/128|Дніпро-Головний|Львів|,8,ПЛЕТЕНИЙ ТАШЛИК,53,00:25,23:32,0,0
2026-09-27 20:17:37,127/128|Дніпро-Головний|Львів|@20260927-2017,127/128|Дніпро-Головний|Львів|,9,НОВОУКРАЇНКА,53,00:45,23:52,0,0
2026-09-27 20:17:37,127/128|Дніпро-Головний|Львів|@20260927-2017,127/128|Дніпро-Головний|Львів|,10,ПОМІЧНА,53,01:03,00:10,0,0
2026-09-27 20:17:37,127/128|Дніпро-Головний|Львів|@20260927-2017,127/128|Дніпро-Головний|Львів|,11,ГОЛТА,53,02:10,01:17,0,0
2026-09-27 20:17:37,127/128|Дніпро-Головний|Львів|@20260927-2017,127/128|Дніпро-Головний|Львів|,12,ВРАДІЇВКА,53,02:49,01:56,0,0
2026-09-27 20:17:37,127/128|Дніпро-Головний|Львів|@20260927-2017,127/128|Дніпро-Головний|Львів|,13,ЛЮБАШІВКА,53,03:18,02:25,0,0
2026-09-27 20:17:37,127/128|Дніпро-Головний|Львів|@20260927-2017,127/128|Дніпро-Головний|Львів|,14,БАЛТА,53,04:19,03:26,0,0
2026-09-27 20:17:37,127/128|Дніпро-Головний|Львів|@20260927-2017,127/128|Дніпро-Головний|Львів|,15,СЛОБІДКА,53,04:55,04:02,0,0
2026-09-27 20:17:37,127/128|Дніпро-Головний|Львів|@20260927-2017,127/128|Дніпро-Головний|Львів|,16,КОДИМА,53,05:23,04:30,0,0
2026-09-27 20:17:37,127/128|Дніпро-Головний|Львів|@20260927-2017,127/128|Дніпро-Головний|Львів|,17,КРИЖОПІЛЬ,53,05:55,05:02,0,0
2026-09-27 20:17:37,127/128|Дніпро-Головний|Львів|@20260927-2017,127/128|Дніпро-Головний|Львів|,18,ВАПНЯРКА,53,06:16,05:23,0,0
2026-09-27 20:17:37,127/128|Дніпро-Головний|Львів|@20260927-2017,127/128|Дніпро-Головний|Львів|,19,ЖМЕРИНКА-ПАС.,53,07:25,06:32,0,0
2026-09-27 20:17:37,127/128|Дніпро-Головний|Львів|@20260927-2017,127/128|Дніпро-Головний|Львів|,20,ДЕРАЖНЯ,53,08:47,07:54,0,0
2026-09-27 20:17:37,127/128|Дніпро-Головний|Львів|@20260927-2017,127/128|Дніпро-Головний|Львів|,21,ХМЕЛЬНИЦЬКИЙ,53,09:21,08:28,0,0
2026-09-27 20:17:37,127/128|Дніпро-Головний|Львів|@20260927-2017,127/128|Дніпро-Головний|Львів|,22,ВОЛОЧИСЬК,53,10:14,09:21,0,0
2026-09-27 20:17:37,127/128|Дніпро-Головний|Львів|@20260927-2017,127/128|Дніпро-Головний|Львів|,23,ТЕРНОПІЛЬ-ПАС.,53,11:11,10:18,0,0
2026-09-27 20:17:37,127/128|Дніпро-Головний|Львів|@20260927-2017,127/128|Дніпро-Головний|Львів|,24,ЗЛОЧІВ,53,12:10,11:17,0,0
2026-09-27 20:17:37,127/128|Дніпро-Головний|Львів|@20260927-2017,127/128|Дніпро-Головний|Львів|,25,КРАСНЕ,53,12:35,11:42,0,0
2026-09-27 20:17:37,127/128|Дніпро-Головний|Львів|@20260927-2017,127/128|Дніпро-Головний|Львів|,26,ПІДЗАМЧЕ,53,13:08,12:15,0,0
2026-09-27 20:17:37,127/128|Дніпро-Головний|Львів|@20260927-2017,127/128|Дніпро-Головний|Львів|,27,ЛЬВІВ,53,13:22,12:29,0,1
2026-09-27 20:17:37,733/734|Київ-Пас.|Дніпро-Головний|@20260927-2017,733/734|Київ-Пас.|Дніпро-Головний|,0,КИЇВ-ПАС.,,,,1,1
2026-09-27 20:17:37,733/734|Київ-Пас.|Дніпро-Головний|@20260927-2017,733/734|Київ-Пас.|Дніпро-Головний|,1,ІМ.ТАРАСА ШЕВЧЕНКА,35,19:00,18:25,1,0
2026-09-27 20:17:37,733/734|Київ-Пас.|Дніпро-Головний|@20260927-2017,733/734|Київ-Пас.|Дніпро-Головний|,2,ФУНДУКЛІЇВКА,32,19:26,18:54,1,0
2026-09-27 20:17:37,733/734|Київ-Пас.|Дніпро-Головний|@20260927-2017,733/734|Київ-Пас.|Дніпро-Головний|,3,ЗНАМ'ЯНКА-ПАС.,,,19:33,1,0
2026-09-27 20:17:37,733/734|Київ-Пас.|Дніпро-Головний|@20260927-2017,733/734|Київ-Пас.|Дніпро-Головний|,4,ОЛЕКСАНДРІЯ,48,20:55,20:07,0,0
2026-09-27 20:17:37,733/734|Київ-Пас.|Дніпро-Головний|@20260927-2017,733/734|Київ-Пас.|Дніпро-Головний|,5,П'ЯТИХАТКИ,48,21:45,20:57,0,0
2026-09-27 20:17:37,733/734|Київ-Пас.|Дніпро-Головний|@20260927-2017,733/734|Київ-Пас.|Дніпро-Головний|,6,КАМ'ЯНСЬКЕ-ПАС.,48,22:31,21:43,0,0
2026-09-27 20:17:37,733/734|Київ-Пас.|Дніпро-Головний|@20260927-2017,733/734|Київ-Пас.|Дніпро-Головний|,7,ДНІПРО-ГОЛОВНИЙ,48,22:58,22:10,0,1
2026-09-27 20:17:37,61/62|Дніпро-Головний|Івано-Франківськ|@20260927-2017,61/62|Дніпро-Головний|Івано-Франківськ|,0,ДНІПРО-ГОЛОВНИЙ,,,,1,1
2026-09-27 20:17:37,61/62|Дніпро-Головний|Івано-Франківськ|@20260927-2017,61/62|Дніпро-Головний|Івано-Франківськ|,1,КАМ'ЯНСЬКЕ-ПАС.,8,15:40,15:32,1,0
2026-09-27 20:17:37,61/62|Дніпро-Головний|Івано-Франківськ|@20260927-2017,61/62|Дніпро-Головний|Івано-Франківськ|,2,ВЕРХНЬОДНІПРОВСЬК,11,16:02,15:51,1,1
2026-09-27 20:17:37,61/62|Дніпро-Головний|Івано-Франківськ|@20260927-2017,61/62|Дніпро-Головний|Івано-Франківськ|,3,ВІЛЬНОГІРСЬК,16,16:33,16:17,1,0
2026-09-27 20:17:37,61/62|Дніпро-Головний|Івано-Франківськ|@20260927-2017,61/62|Дніпро-Головний|Івано-Франківськ|,4,П'ЯТИХАТКИ,21,17:01,16:40,1,0
2026-09-27 20:17:37,61/62|Дніпро-Головний|Івано-Франківськ|@20260927-2017,61/62|Дніпро-Головний|Івано-Франківськ|,5,ОЛЕКСАНДРІЯ,19,18:16,17:57,1,0
2026-09-27 20:17:37,61/62|Дніпро-Головний|Івано-Франківськ|@20260927-2017,61/62|Дніпро-Головний|Івано-Франківськ|,6,КОРИСТІВКА,20,18:30,18:10,1,0
2026-09-27 20:17:37,61/62|Дніпро-Головний|Івано-Франківськ|@20260927-2017,61/62|Дніпро-Головний|Івано-Франківськ|,7,ЗНАМ'ЯНКА-ПАС.,31,19:09,18:38,1,0
2026-09-27 20:17:37,61/62|Дніпро-Головний|Івано-Франківськ|@20260927-2017,61/62|Дніпро-Головний|Івано-Франківськ|,8,ІМ.ТАРАСА ШЕВЧЕНКА,32,20:22,19:50,0,0
2026-09-27 20:17:37,61/62|Дніпро-Головний|Івано-Франківськ|@20260927-2017,61/62|Дніпро-Головний|Івано-Франківськ|,9,БІЛА ЦЕРКВА,32,22:58,22:26,0,0
2026-09-27 20:17:37,61/62|Дніпро-Головний|Івано-Франківськ|@20260927-2017,61/62|Дніпро-Головний|Івано-Франківськ|,10,ЛЬВІВ,32,05:22,04:50,0,1
2026-09-27 20:17:37,61/62|Дніпро-Головний|Івано-Франківськ|@20260927-2017,61/62|Дніпро-Головний|Івано-Франківськ|,11,ХОДОРІВ,32,06:44,06:12,0,0
2026-09-27 20:17:37,61/62|Дніпро-Головний|Івано-Франківськ|@20260927-2017,61/62|Дніпро-Головний|Івано-Франківськ|,12,ІВАНО-ФРАНКІВСЬК,32,07:53,07:21,0,0
2026-09-27 20:17:37,261/262|Дніпро-Головний|Чернівці|@20260927-2017,261/262|Дніпро-Головний|Чернівці|,0,ДНІПРО-ГОЛОВНИЙ,,,,1,1
2026-09-27 20:17:37,261/262|Дніпро-Головний|Чернівці|@20260927-2017,261/262|Дніпро-Головний|Чернівці|,1,КАМ'ЯНСЬКЕ-ПАС.,8,15:40,15:32,1,0
2026-09-27 20:17:37,261/262|Дніпро-Головний|Чернівці|@20260927-2017,261/262|Дніпро-Головний|Чернівці|,2,ВЕРХНЬОДНІПРОВСЬК,11,16:02,15:51,1,1
2026-09-27 20:17:37,261/262|Дніпро-Головний|Чернівці|@20260927-2017,261/262|Дніпро-Головний|Чернівці|,3,ВІЛЬНОГІРСЬК,16,16:33,16:17,1,0
2026-09-27 20:17:37,261/262|Дніпро-Головний|Чернівці|@20260927-2017,261/262|Дніпро-Головний|Чернівці|,4,П'ЯТИХАТКИ,21,17:01,16:40,1,0
2026-09-27 20:17:37,261/262|Дніпро-Головний|Чернівці|@20260927-2017,261/262|Дніпро-Головний|Чернівці|,5,ОЛЕКСАНДРІЯ,19,18:16,17:57,1,0
2026-09-27 20:17:37,261/262|Дніпро-Головний|Чернівці|@20260927-2017,261/262|Дніпро-Головний|Чернівці|,6,КОРИСТІВКА,20,18:30,18:10,1,0
2026-09-27 20:17:37,261/262|Дніпро-Головний|Чернівці|@20260927-2017,261/262|Дніпро-Головний|Чернівці|,7,ЗНАМ'ЯНКА-ПАС.,31,19:09,18:38,1,0
2026-09-27 20:17:37,261/262|Дніпро-Головний|Чернівці|@20260927-2017,261/262|Дніпро-Головний|Чернівці|,8,ІМ.ТАРАСА ШЕВЧЕНКА,32,20:22,19:50,0,0
2026-09-27 20:17:37,261/262|Дніпро-Головний|Чернівці|@20260927-2017,261/262|Дніпро-Головний|Чернівці|,9,БІЛА ЦЕРКВА,32,22:58,22:26,0,0
2026-09-27 20:17:37,261/262|Дніпро-Головний|Чернівці|@20260927-2017,261/262|Дніпро-Головний|Чернівці|,10,ЛЬВІВ,32,05:22,04:50,0,1
2026-09-27 20:17:37,261/262|Дніпро-Головний|Чернівці|@20260927-2017,261/262|Дніпро-Головний|Чернівці|,11,ХОДОРІВ,32,06:44,06:12,0,0
2026-09-27 20:17:37,261/262|Дніпро-Головний|Чернівці|@20260927-2017,261/262|Дніпро-Головний|Чернівці|,12,ІВАНО-ФРАНКІВСЬК,32,07:53,07:21,0,0
2026-09-27 20:17:37,261/262|Дніпро-Головний|Чернівці|@20260927-2017,261/262|Дніпро-Головний|Чернівці|,13,КОЛОМИЯ,32,09:03,08:31,0,0
2026-09-27 20:17:37,261/262|Дніпро-Головний|Чернівці|@20260927-2017,261/262|Дніпро-Головний|Чернівці|,14,СНЯТИН,32,09:35,09:03,0,0
2026-09-27 20:17:37,261/262|Дніпро-Головний|Чернівці|@20260927-2017,261/262|Дніпро-Головний|Чернівці|,15,ЧЕРНІВЦІ,32,10:10,09:38,0,0
