instance_id,trip_key,train_number,departure_date,station_from,station_to,match_type,first_seen_kyiv,last_seen_kyiv,n_seen,last_delay_min,max_delay_min,min_delay_min,last_status,last_reliability,last_reason,n_stops,passed_count,last_stop_passed,finished,finished_at_kyiv,final_delay_min,final_delay_fact_min,max_dev_fact_min,instance_reason,after_monitoring_gap
121/122|Миколаїв Пас.|Київ-Пас.|@20260927-2017,121/122|Миколаїв Пас.|Київ-Пас.|,121/122,,Миколаїв Пас.,Київ-Пас.,both,2026-09-27 20:17:37,2026-09-27 23:11:06,2,194,194,182,В дорозі,Висока,,19,18,0,1,2026-09-28 02:01:52,194,,215,first_seen,0
9/10|Будапешт-Келеті|Київ-Пас.|@20260927-2017,9/10|Будапешт-Келеті|Київ-Пас.|,9/10,,Будапешт-Келеті,Київ-Пас.,endpoint,2026-09-27 20:17:37,2026-09-27 23:11:06,2,256,256,161,В дорозі,Висока,,0,0,0,1,2026-09-28 02:01:52,256,,,first_seen,0
177/178|Івано-Франківськ|Київ-Пас.|@20260927-2017,177/178|Івано-Франківськ|Київ-Пас.|,177/178,,Івано-Франківськ,Київ-Пас.,both,2026-09-27 20:17:37,2026-09-27 23:11:06,2,256,256,161,В дорозі,Висока,,5,4,0,1,2026-09-28 02:01:52,256,,176,first_seen,0
723/724|Харків-Пас.|Київ-Пас.|@20260927-2017,723/724|Харків-Пас.|Київ-Пас.|,723/724,,Харків-Пас.,Київ-Пас.,both,2026-09-27 20:17:37,2026-09-27 20:17:37,1,150,150,150,В дорозі,Низька,,9,4,0,1,2026-09-27 23:11:06,150,,166,first_seen,0
41/42|Трускавець|Дніпро-Головний|@20260927-2017,41/42|Трускавець|Дніпро-Головний|,41/42,,Трускавець,Дніпро-Головний,both,2026-09-27 20:17:37,2026-09-28 04:28:34,4,220,220,120,В дорозі,Висока,,30,19,0,0,,,,220,first_seen,0
723/724|Київ-Пас.|Харків-Пас.|@20260927-2017,723/724|Київ-Пас.|Харків-Пас.|,723/724,,Київ-Пас.,Харків-Пас.,both,2026-09-27 20:17:37,2026-09-27 23:11:06,2,147,147,120,В дорозі,Висока,,7,6,0,1,2026-09-28 02:01:52,147,,155,first_seen,0
119/120|Хелм|Дніпро-Головний|@20260927-2017,119/120|Хелм|Дніпро-Головний|,119/120,,Хелм,Дніпро-Головний,both,2026-09-27 20:17:37,2026-09-28 04:28:34,4,234,234,119,В дорозі,Висока,,15,12,0,0,,,,218,first_seen,0
55/55|Київ-Пас.|Рахів|27.09@20260927-2017,55/55|Київ-Пас.|Рахів|27.09,55/55,27.09,Київ-Пас.,Рахів,both,2026-09-27 20:17:37,2026-09-28 02:01:52,3,317,317,114,В дорозі,Висока,,21,11,0,0,,,,307,first_seen,0
141/142|Чернігів|Ясіня|@20260927-2017,141/142|Чернігів|Ясіня|,141/142,,Чернігів,Ясіня,transit,2026-09-27 20:17:37,2026-09-28 04:28:34,4,341,341,109,В дорозі,Висока,,24,18,0,0,,,,369,first_seen,0
137/138|Київ-Пас.|Ясіня|27.09@20260927-2017,137/138|Київ-Пас.|Ясіня|27.09,137/138,27.09,Київ-Пас.,Ясіня,both,2026-09-27 20:17:37,2026-09-28 04:28:34,4,341,341,109,В дорозі,Висока,,19,13,0,0,,,,369,first_seen,0
285/286|Львів|Дніпро-Головний|@20260927-2017,285/286|Львів|Дніпро-Головний|,285/286,,Львів,Дніпро-Головний,both,2026-09-27 20:17:37,2026-09-28 04:28:34,4,222,222,102,В дорозі,Висока,,28,17,0,0,,,,220,first_seen,0
1/2|Харків-Пас.|Рахів|@20260927-2017,1/2|Харків-Пас.|Рахів|,1/2,,Харків-Пас.,Рахів,both,2026-09-27 20:17:37,2026-09-28 04:28:34,4,266,266,90,В дорозі,Висока,,13,6,0,0,,,,266,first_seen,0
17/18|Харків-Пас.|Ужгород|@20260927-2017,17/18|Харків-Пас.|Ужгород|,17/18,,Харків-Пас.,Ужгород,both,2026-09-27 20:17:37,2026-09-28 04:28:34,4,271,271,90,В дорозі,Висока,,14,8,0,0,,,,290,first_seen,0
793/794|Київ-Пас.|Черкаси|27.09@20260927-2017,793/794|Київ-Пас.|Черкаси|27.09,793/794,27.09,Київ-Пас.,Черкаси,both,2026-09-27 20:17:37,2026-09-27 23:11:06,2,114,114,86,В дорозі,Висока,,9,9,1,1,2026-09-28 02:01:52,114,115,122,first_seen,0
353/354|Київ-Пас.|Кишинеу|@20260927-2017,353/354|Київ-Пас.|Кишинеу|,353/354,,Київ-Пас.,Кишинеу,both,2026-09-27 20:17:37,2026-09-27 23:11:06,2,54,79,54,В дорозі,Висока,,9,7,0,1,2026-09-28 02:01:52,54,,79,first_seen,0
773/774|Конотоп-Пас.|Жмеринка-Пас.|27.09@20260927-2017,773/774|Конотоп-Пас.|Жмеринка-Пас.|27.09,773/774,27.09,Конотоп-Пас.,Жмеринка-Пас.,transit,2026-09-27 20:17:37,2026-09-27 23:11:06,2,36,75,36,В дорозі,Висока,,17,15,0,1,2026-09-28 02:01:52,36,,93,first_seen,0
237/238|Київ-Пас.|Ужгород|@20260927-2017,237/238|Київ-Пас.|Ужгород|,237/238,,Київ-Пас.,Ужгород,both,2026-09-27 20:17:37,2026-09-28 04:28:34,4,81,81,71,В дорозі,Висока,,20,13,0,0,,,,94,first_seen,0
13/14|Київ-Пас.|Солотвино-1|@20260927-2017,13/14|Київ-Пас.|Солотвино-1|,13/14,,Київ-Пас.,Солотвино-1,both,2026-09-27 20:17:37,2026-09-28 04:28:34,4,81,81,71,В дорозі,Висока,,29,13,0,0,,,,94,first_seen,0
3/4|Дніпро-Головний|Ужгород|@20260927-2017,3/4|Дніпро-Головний|Ужгород|,3/4,,Дніпро-Головний,Ужгород,both,2026-09-27 20:17:37,2026-09-28 04:28:34,4,195,195,70,В дорозі,Висока,,17,10,0,0,,,,197,first_seen,0
31/32|Запоріжжя-1|Перемишль|@20260927-2017,31/32|Запоріжжя-1|Перемишль|,31/32,,Запоріжжя-1,Перемишль,transit,2026-09-27 20:17:37,2026-09-28 04:28:34,4,195,195,70,В дорозі,Висока,,14,12,0,0,,,,197,first_seen,0
789/790|Київ-Пас.|Кропивницький|@20260927-2017,789/790|Київ-Пас.|Кропивницький|,789/790,,Київ-Пас.,Кропивницький,both,2026-09-27 20:17:37,2026-09-27 23:11:06,2,134,134,64,В дорозі,Висока,,9,5,0,1,2026-09-28 02:01:52,134,,109,first_seen,0
791/792|Київ-Пас.|Кременчук-Пас.|@20260927-2017,791/792|Київ-Пас.|Кременчук-Пас.|,791/792,,Київ-Пас.,Кременчук-Пас.,both,2026-09-27 20:17:37,2026-09-27 23:11:06,2,134,134,63,В дорозі,Висока,,7,6,0,1,2026-09-28 02:01:52,134,,109,first_seen,0
763/764|Київ-Пас.|Одеса-Головна|@20260927-2017,763/764|Київ-Пас.|Одеса-Головна|,763/764,,Київ-Пас.,Одеса-Головна,both,2026-09-27 20:17:37,2026-09-27 23:11:06,2,70,70,62,В дорозі,Висока,,9,8,0,1,2026-09-28 02:01:52,70,,62,first_seen,0
85/86|Дніпро-Головний|Львів|@20260927-2017,85/86|Дніпро-Головний|Львів|,85/86,,Дніпро-Головний,Львів,both,2026-09-27 20:17:37,2026-09-28 04:28:34,4,163,163,58,В дорозі,Висока,,11,10,0,0,,,,164,first_seen,0
5/6|Запоріжжя-1|Ясіня|@20260927-2017,5/6|Запоріжжя-1|Ясіня|,5/6,,Запоріжжя-1,Ясіня,transit,2026-09-27 20:17:37,2026-09-28 04:28:34,4,163,163,58,В дорозі,Висока,,18,12,0,0,,,,164,first_seen,0
63/64|Перемишль|Харків-Пас.|@20260927-2017,63/64|Перемишль|Харків-Пас.|,63/64,,Перемишль,Харків-Пас.,both,2026-09-27 20:17:37,2026-09-28 04:28:34,4,60,113,56,В дорозі,Висока,,11,9,0,0,,,,114,first_seen,0
9/10|Київ-Пас.|Будапешт-Келеті|@20260927-2017,9/10|Київ-Пас.|Будапешт-Келеті|,9/10,,Київ-Пас.,Будапешт-Келеті,endpoint,2026-09-27 20:17:37,2026-09-28 04:28:34,4,80,80,55,В дорозі,Висока,,0,0,0,0,,,76,76,first_seen,0
127/128|Дніпро-Головний|Львів|@20260927-2017,127/128|Дніпро-Головний|Львів|,127/128,,Дніпро-Головний,Львів,both,2026-09-27 20:17:37,2026-09-28 04:28:34,3,61,68,53,В дорозі,Висока,,28,15,0,0,,,,72,first_seen,1
733/734|Київ-Пас.|Дніпро-Головний|@20260927-2017,733/734|Київ-Пас.|Дніпро-Головний|,733/734,,Київ-Пас.,Дніпро-Головний,both,2026-09-27 20:17:37,2026-09-27 23:11:06,2,53,53,48,В дорозі,Висока,,8,8,1,1,2026-09-28 02:01:52,53,53,53,first_seen,0
61/62|Дніпро-Головний|Івано-Франківськ|@20260927-2017,61/62|Дніпро-Головний|Івано-Франківськ|,61/62,,Дніпро-Головний,Івано-Франківськ,both,2026-09-27 20:17:37,2026-09-28 04:28:34,4,88,88,32,В дорозі,Висока,,13,10,0,0,,,,59,first_seen,0
261/262|Дніпро-Головний|Чернівці|@20260927-2017,261/262|Дніпро-Головний|Чернівці|,261/262,,Дніпро-Головний,Чернівці,both,2026-09-27 20:17:37,2026-09-28 04:28:34,4,88,88,32,В дорозі,Висока,,16,10,0,0,,,,59,first_seen,0
291/292|Львів|Київ-Пас.|@20260927-2311,291/292|Львів|Київ-Пас.|,291/292,,Львів,Київ-Пас.,both,2026-09-27 23:11:06,2026-09-27 23:11:06,1,151,151,151,В дорозі,Висока,,5,4,0,1,2026-09-28 02:01:52,151,,140,first_seen,0
103/104|Берестин|Львів|@20260927-2311,103/104|Берестин|Львів|,103/104,,Берестин,Львів,both,2026-09-27 23:11:06,2026-09-28 04:28:34,3,215,215,150,В дорозі,Висока,,21,16,0,0,,,,273,first_seen,0
109/110|Львів|Миколаїв Пас.|@20260927-2311,109/110|Львів|Миколаїв Пас.|,109/110,,Львів,Миколаїв Пас.,both,2026-09-27 23:11:06,2026-09-28 04:28:34,3,198,201,102,В дорозі,Висока,,26,16,0,0,,,,203,first_seen,0
79/80|Львів|Дніпро-Головний|@20260927-2311,79/80|Львів|Дніпро-Головний|,79/80,,Львів,Дніпро-Головний,both,2026-09-27 23:11:06,2026-09-28 04:28:34,3,234,234,101,В дорозі,Висока,,15,12,0,0,,,,170,first_seen,0
25/26|Одеса-Головна|Ясіня|@20260927-2311,25/26|Одеса-Головна|Ясіня|,25/26,,Одеса-Головна,Ясіня,both,2026-09-27 23:11:06,2026-09-28 04:28:34,3,97,97,64,В дорозі,Висока,,26,15,0,0,,,,109,first_seen,0
135/136|Одеса-Головна|Чернівці|@20260927-2311,135/136|Одеса-Головна|Чернівці|,135/136,,Одеса-Головна,Чернівці,both,2026-09-27 23:11:06,2026-09-28 04:28:34,3,97,97,64,В дорозі,Висока,,23,15,0,0,,,,109,first_seen,0
43/44|Черкаси|Івано-Франківськ|@20260927-2311,43/44|Черкаси|Івано-Франківськ|,43/44,,Черкаси,Івано-Франківськ,transit,2026-09-27 23:11:06,2026-09-28 04:28:34,3,234,234,62,В дорозі,Висока,,16,8,0,0,,,,204,first_seen,0
91/92|Київ-Пас.|Львів|@20260927-2311,91/92|Київ-Пас.|Львів|,91/92,,Київ-Пас.,Львів,both,2026-09-27 23:11:06,2026-09-28 04:28:34,3,225,225,60,В дорозі,Висока,,5,3,0,0,,,,225,first_seen,0
37/38|Київ-Пас.|Запоріжжя-1|@20260927-2311,37/38|Київ-Пас.|Запоріжжя-1|,37/38,,Київ-Пас.,Запоріжжя-1,both,2026-09-27 23:11:06,2026-09-28 04:28:34,3,108,115,60,В дорозі,Висока,,8,3,0,0,,,,116,first_seen,0
41/42|Дніпро-Головний|Трускавець|@20260927-2311,41/42|Дніпро-Головний|Трускавець|,41/42,,Дніпро-Головний,Трускавець,both,2026-09-27 23:11:06,2026-09-28 04:28:34,3,109,109,53,В дорозі,Висока,,30,20,0,0,,,,106,first_seen,0
285/286|Дніпро-Головний|Львів|@20260927-2311,285/286|Дніпро-Головний|Львів|,285/286,,Дніпро-Головний,Львів,both,2026-09-27 23:11:06,2026-09-28 04:28:34,3,109,109,53,В дорозі,Висока,,28,20,0,0,,,,106,first_seen,0
93/94|Харків-Пас.|Хелм|@20260927-2311,93/94|Харків-Пас.|Хелм|,93/94,,Харків-Пас.,Хелм,both,2026-09-27 23:11:06,2026-09-28 04:28:34,3,153,153,47,В дорозі,Висока,,14,10,0,0,,,,173,first_seen,0
95/96|Київ-Пас.|Рахів|@20260927-2311,95/96|Київ-Пас.|Рахів|,95/96,,Київ-Пас.,Рахів,both,2026-09-27 23:11:06,2026-09-28 02:01:52,2,32,46,32,В дорозі,Висока,,9,1,0,0,,,,41,first_seen,0
49/50|Київ-Пас.|Трускавець|@20260927-2311,49/50|Київ-Пас.|Трускавець|,49/50,,Київ-Пас.,Трускавець,both,2026-09-27 23:11:06,2026-09-28 02:01:52,2,32,46,32,В дорозі,Висока,,4,1,0,0,,,,41,first_seen,0
7/8|Одеса-Головна|Харків-Пас.|@20260927-2311,7/8|Одеса-Головна|Харків-Пас.|,7/8,,Одеса-Головна,Харків-Пас.,both,2026-09-27 23:11:06,2026-09-28 04:28:34,3,56,66,44,В дорозі,Висока,,7,3,0,0,,,,56,first_seen,0
59/60|Київ-Пас.|Чоп|@20260927-2311,59/60|Київ-Пас.|Чоп|,59/60,,Київ-Пас.,Чоп,both,2026-09-27 23:11:06,2026-09-28 04:28:34,3,137,137,40,В дорозі,Висока,,22,6,0,0,,,,152,first_seen,0
57/58|Київ-Пас.|Ясіня|@20260927-2311,57/58|Київ-Пас.|Ясіня|,57/58,,Київ-Пас.,Ясіня,both,2026-09-27 23:11:06,2026-09-28 04:28:34,3,137,137,40,В дорозі,Висока,,21,6,0,0,,,,152,first_seen,0
749/750|Київ-Пас.|Ужгород|@20260927-2311,749/750|Київ-Пас.|Ужгород|,749/750,,Київ-Пас.,Ужгород,both,2026-09-27 23:11:06,2026-09-27 23:11:06,1,39,39,39,В дорозі,Висока,,7,4,0,1,2026-09-28 02:01:52,39,,30,first_seen,0
207/208|Київ-Пас.|Івано-Франківськ|@20260927-2311,207/208|Київ-Пас.|Івано-Франківськ|,207/208,,Київ-Пас.,Івано-Франківськ,both,2026-09-27 23:11:06,2026-09-28 04:28:34,3,36,38,28,В дорозі,Висока,,3,2,0,0,,,,41,first_seen,0
7/8|Київ-Пас.|Чернівці|@20260927-2311,7/8|Київ-Пас.|Чернівці|,7/8,,Київ-Пас.,Чернівці,both,2026-09-27 23:11:06,2026-09-28 04:28:34,3,36,38,28,В дорозі,Висока,,5,2,0,0,,,,41,first_seen,0
731/732|Дніпро-Головний|Київ-Пас.|@20260927-2311,731/732|Дніпро-Головний|Київ-Пас.|,731/732,,Дніпро-Головний,Київ-Пас.,both,2026-09-27 23:11:06,2026-09-27 23:11:06,1,32,32,32,В дорозі,Висока,,8,7,0,1,2026-09-28 02:01:52,32,,32,first_seen,0
81/82|Київ-Пас.|Ужгород|@20260927-2311,81/82|Київ-Пас.|Ужгород|,81/82,,Київ-Пас.,Ужгород,both,2026-09-27 23:11:06,2026-09-28 04:28:34,3,103,105,30,В дорозі,Висока,,13,4,0,0,,,,110,first_seen,0
53/54|Одеса-Головна|Дніпро-Головний|@20260927-2311,53/54|Одеса-Головна|Дніпро-Головний|,53/54,,Одеса-Головна,Дніпро-Головний,both,2026-09-27 23:11:06,2026-09-28 04:28:34,3,41,46,28,В дорозі,Висока,,11,6,0,0,,,,46,first_seen,0
253/254|Одеса-Головна|Кривий Ріг-Головний|@20260927-2311,253/254|Одеса-Головна|Кривий Ріг-Головний|,253/254,,Одеса-Головна,Кривий Ріг-Головний,both,2026-09-27 23:11:06,2026-09-28 04:28:34,3,41,46,28,В дорозі,Висока,,10,6,0,0,,,,46,first_seen,0
705/706|Київ-Пас.|Перемишль|@20260928-0201,705/706|Київ-Пас.|Перемишль|,705/706,,Київ-Пас.,Перемишль,both,2026-09-28 02:01:52,2026-09-28 04:28:34,2,186,186,186,В дорозі,Висока,,8,7,0,0,,,,191,first_seen,0
75/76|Київ-Пас.|Кривий Ріг-Головний|27.09@20260928-0201,75/76|Київ-Пас.|Кривий Ріг-Головний|27.09,75/76,27.09,Київ-Пас.,Кривий Ріг-Головний,both,2026-09-28 02:01:52,2026-09-28 04:28:34,2,138,138,131,В дорозі,Висока,,6,3,0,0,,,,134,first_seen,0
789/790|Кропивницький|Київ-Пас.|27.09@20260928-0201,789/790|Кропивницький|Київ-Пас.|27.09,789/790,27.09,Кропивницький,Київ-Пас.,both,2026-09-28 02:01:52,2026-09-28 04:28:34,2,116,120,116,В дорозі,Висока,,6,5,0,0,,,,120,first_seen,0
719/720|Київ-Пас.|Харків-Пас.|@20260928-0201,719/720|Київ-Пас.|Харків-Пас.|,719/720,,Київ-Пас.,Харків-Пас.,both,2026-09-28 02:01:52,2026-09-28 04:28:34,2,126,126,119,В дорозі,Висока,,8,7,0,0,,,,137,first_seen,0
143/144|Рахів|Суми|@20260928-0201,143/144|Рахів|Суми|,143/144,,Рахів,Суми,transit,2026-09-28 02:01:52,2026-09-28 04:28:34,2,131,131,116,В дорозі,Висока,,31,21,0,0,,,,148,first_seen,0
21/22|Львів|Харків-Пас.|@20260928-0201,21/22|Львів|Харків-Пас.|,21/22,,Львів,Харків-Пас.,both,2026-09-28 02:01:52,2026-09-28 04:28:34,2,103,103,103,В дорозі,Висока,,17,14,0,0,,,,117,first_seen,0
65/66|Київ-Пас.|Конотоп-Пас.|@20260928-0201,65/66|Київ-Пас.|Конотоп-Пас.|,65/66,,Київ-Пас.,Конотоп-Пас.,endpoint,2026-09-28 02:01:52,2026-09-28 02:01:52,1,90,90,90,Готується,Висока,,0,0,0,0,,,,,first_seen,0
89/90|Київ-Пас.|Перемишль|27.09@20260928-0201,89/90|Київ-Пас.|Перемишль|27.09,89/90,27.09,Київ-Пас.,Перемишль,both,2026-09-28 02:01:52,2026-09-28 04:28:34,2,160,160,90,В дорозі,Низька,,8,3,0,0,,,,132,first_seen,0
37/38|Одеса-Головна|Ужгород|@20260928-0201,37/38|Одеса-Головна|Ужгород|,37/38,,Одеса-Головна,Ужгород,both,2026-09-28 02:01:52,2026-09-28 04:28:34,2,112,112,88,В дорозі,Висока,,25,13,0,0,,,,127,first_seen,0
133/134|Кам'янець-Подільський|Київ-Пас.|@20260928-0201,133/134|Кам'янець-Подільський|Київ-Пас.|,133/134,,Кам'янець-Подільський,Київ-Пас.,both,2026-09-28 02:01:52,2026-09-28 04:28:34,2,79,87,79,В дорозі,Висока,,16,13,0,0,,,,94,first_seen,0
87/88|Дніпро-Головний|Ковель-Пас.|@20260928-0201,87/88|Дніпро-Головний|Ковель-Пас.|,87/88,,Дніпро-Головний,Ковель-Пас.,both,2026-09-28 02:01:52,2026-09-28 04:28:34,2,70,85,70,В дорозі,Висока,,33,16,0,0,,,,88,first_seen,0
37/38|Ужгород|Одеса-Головна|@20260928-0201,37/38|Ужгород|Одеса-Головна|,37/38,,Ужгород,Одеса-Головна,both,2026-09-28 02:01:52,2026-09-28 04:28:34,2,124,124,83,В дорозі,Висока,,23,21,0,0,,,,118,first_seen,0
105/106|Одеса-Головна|Київ-Пас.|@20260928-0201,105/106|Одеса-Головна|Київ-Пас.|,105/106,,Одеса-Головна,Київ-Пас.,both,2026-09-28 02:01:52,2026-09-28 04:28:34,2,64,64,59,В дорозі,Висока,,13,11,0,0,,,,64,first_seen,0
97/98|Київ-Пас.|Ковель-Пас.|@20260928-0201,97/98|Київ-Пас.|Ковель-Пас.|,97/98,,Київ-Пас.,Ковель-Пас.,both,2026-09-28 02:01:52,2026-09-28 04:28:34,2,58,58,58,В дорозі,Висока,,15,4,0,0,,,,58,first_seen,0
121/122|Київ-Пас.|Миколаїв Пас.|@20260928-0201,121/122|Київ-Пас.|Миколаїв Пас.|,121/122,,Київ-Пас.,Миколаїв Пас.,both,2026-09-28 02:01:52,2026-09-28 04:28:34,2,25,50,25,В дорозі,Висока,,16,11,0,0,,,,58,first_seen,0
37/38|Запоріжжя-1|Київ-Пас.|@20260928-0201,37/38|Запоріжжя-1|Київ-Пас.|,37/38,,Запоріжжя-1,Київ-Пас.,both,2026-09-28 02:01:52,2026-09-28 04:28:34,2,44,48,44,В дорозі,Висока,,7,6,0,0,,,,62,first_seen,0
93/94|Хелм|Харків-Пас.|@20260928-0201,93/94|Хелм|Харків-Пас.|,93/94,,Хелм,Харків-Пас.,both,2026-09-28 02:01:52,2026-09-28 04:28:34,2,43,43,43,В дорозі,Висока,,9,5,0,0,,,,45,first_seen,0
103/104|Львів|Берестин|@20260928-0201,103/104|Львів|Берестин|,103/104,,Львів,Берестин,both,2026-09-28 02:01:52,2026-09-28 04:28:34,2,98,98,41,В дорозі,Висока,,18,10,0,0,,,,119,first_seen,0
715/716|Перемишль|Київ-Пас.|@20260928-0201,715/716|Перемишль|Київ-Пас.|,715/716,,Перемишль,Київ-Пас.,both,2026-09-28 02:01:52,2026-09-28 04:28:34,2,37,41,37,В дорозі,Висока,,8,3,0,0,,,,37,first_seen,0
15/16|Чернівці|Харків-Пас.|@20260928-0201,15/16|Чернівці|Харків-Пас.|,15/16,,Чернівці,Харків-Пас.,both,2026-09-28 02:01:52,2026-09-28 04:28:34,2,84,84,39,В дорозі,Висока,,12,8,0,0,,,,86,first_seen,0
11/12|Одеса-Головна|Львів|@20260928-0201,11/12|Одеса-Головна|Львів|,11/12,,Одеса-Головна,Львів,both,2026-09-28 02:01:52,2026-09-28 04:28:34,2,37,38,37,В дорозі,Висока,,12,8,0,0,,,,39,first_seen,0
35/36|Одеса-Головна|Перемишль|@20260928-0201,35/36|Одеса-Головна|Перемишль|,35/36,,Одеса-Головна,Перемишль,both,2026-09-28 02:01:52,2026-09-28 04:28:34,2,37,38,37,В дорозі,Висока,,13,8,0,0,,,,39,first_seen,0
51/52|Перемишль|Київ-Пас.|@20260928-0201,51/52|Перемишль|Київ-Пас.|,51/52,,Перемишль,Київ-Пас.,both,2026-09-28 02:01:52,2026-09-28 04:28:34,2,40,40,33,В дорозі,Висока,,3,2,0,0,,,,37,first_seen,0
85/86|Львів|Дніпро-Головний|@20260928-0201,85/86|Львів|Дніпро-Головний|,85/86,,Львів,Дніпро-Головний,both,2026-09-28 02:01:52,2026-09-28 02:01:52,1,32,32,32,В дорозі,Висока,,9,3,0,0,,,,31,first_seen,0
5/6|Ясіня|Запоріжжя-1|@20260928-0201,5/6|Ясіня|Запоріжжя-1|,5/6,,Ясіня,Запоріжжя-1,transit,2026-09-28 02:01:52,2026-09-28 02:01:52,1,32,32,32,В дорозі,Висока,,19,11,0,0,,,,31,first_seen,0
39/40|Солотвино-1|Запоріжжя-1|@20260928-0201,39/40|Солотвино-1|Запоріжжя-1|,39/40,,Солотвино-1,Запоріжжя-1,transit,2026-09-28 02:01:52,2026-09-28 04:28:34,2,32,32,32,В дорозі,Висока,,34,27,0,0,,,,34,first_seen,0
23/24|Хелм|Київ-Пас.|@20260928-0201,23/24|Хелм|Київ-Пас.|,23/24,,Хелм,Київ-Пас.,both,2026-09-28 02:01:52,2026-09-28 02:01:52,1,17,17,17,В дорозі,Висока,,4,2,0,0,,,,27,first_seen,0
139/140|Київ-Пас.|Знам'Янка|27.09@20260928-0201,139/140|Київ-Пас.|Знам'Янка|27.09,139/140,27.09,Київ-Пас.,Знам'Янка,endpoint,2026-09-28 02:01:52,2026-09-28 02:01:52,1,,,,В дорозі,Висока,,0,0,0,0,,,,,first_seen,0
55/56|Київ-Пас.|Рахів|27.09@20260928-0428,55/56|Київ-Пас.|Рахів|27.09,55/56,27.09,Київ-Пас.,Рахів,both,2026-09-28 04:28:34,2026-09-28 04:28:34,1,341,341,341,В дорозі,Висока,,23,13,0,0,,,,369,first_seen,0
65/66|Київ-Пас.|Суми|@20260928-0428,65/66|Київ-Пас.|Суми|,65/66,,Київ-Пас.,Суми,both,2026-09-28 04:28:34,2026-09-28 04:28:34,1,184,184,184,В дорозі,Висока,,11,8,0,0,,,,187,first_seen,0
